Protocollo;Gruppo;DataOraIncidente;Localizzazione1;STRADA1;Localizzazione2;STRADA2;Strada02;Chilometrica;DaSpecificare;NaturaIncidente;particolaritastrade;TipoStrada;FondoStradale;Pavimentazione;Segnaletica;CondizioneAtmosferica;Traffico;Visibilita;Illuminazione;NUM_FERITI;NUM_RISERVATA;NUM_MORTI;NUM_ILLESI;Longitudine;Latitudine;Confermato;Progressivo;TipoVeicolo;StatoVeicolo;TipoPersona;Sesso;Tipolesione;Deceduto;DecedutoDopo;CinturaCascoUtilizzato;Airbag
3382705;18;05/07/2017 17:30;Strada Urbana;VIA DI BOCCEA;in corrispondenza;;del civico n.;21;;Ribaltamento senza urto contro ostacolo fisso;Rettilineo;Una carreggiata a doppio senso;Asciutto;Asfaltata;Verticale ed orizzontale;Sereno;Normale;Buona;Ore Diurne;1;0;0;6;12.42917;41.89929;-1;1;Motociclo a solo;In marcia / fermata / arresto;Conducente;M;Rifiuta cure immediate;0;NON DECEDUTO;Non accertato;
3382705;18;05/07/2017 17:30;Strada Urbana;VIA DI BOCCEA;in corrispondenza;;del civico n.;21;;Ribaltamento senza urto contro ostacolo fisso;Rettilineo;Una carreggiata a doppio senso;Asciutto;Asfaltata;Verticale ed orizzontale;Sereno;Normale;Buona;Ore Diurne;1;0;0;6;12.42917;41.89929;-1;2;Autovettura privata;In marcia / fermata / arresto;Conducente;M;Illeso;0;;Non accertato;Inesploso
3382705;18;05/07/2017 17:30;Strada Urbana;VIA DI BOCCEA;in corrispondenza;;del civico n.;21;;Ribaltamento senza urto contro ostacolo fisso;Rettilineo;Una carreggiata a doppio senso;Asciutto;Asfaltata;Verticale ed orizzontale;Sereno;Normale;Buona;Ore Diurne;1;0;0;6;12.42917;41.89929;-1;2;Autovettura privata;In marcia / fermata / arresto;Passeggero;F;Illeso;0;;Non accertato;Inesploso
3382705;18;05/07/2017 17:30;Strada Urbana;VIA DI BOCCEA;in corrispondenza;;del civico n.;21;;Ribaltamento senza urto contro ostacolo fisso;Rettilineo;Una carreggiata a doppio senso;Asciutto;Asfaltata;Verticale ed orizzontale;Sereno;Normale;Buona;Ore Diurne;1;0;0;6;12.42917;41.89929;-1;2;Autovettura privata;In marcia / fermata / arresto;Passeggero;F;Illeso;0;;Non accertato;Inesploso
3382705;18;05/07/2017 17:30;Strada Urbana;VIA DI BOCCEA;in corrispondenza;;del civico n.;21;;Ribaltamento senza urto contro ostacolo fisso;Rettilineo;Una carreggiata a doppio senso;Asciutto;Asfaltata;Verticale ed orizzontale;Sereno;Normale;Buona;Ore Diurne;1;0;0;6;12.42917;41.89929;-1;2;Autovettura privata;In marcia / fermata / arresto;Passeggero;M;Illeso;0;;Non accertato;Inesploso
3382705;18;05/07/2017 17:30;Strada Urbana;VIA DI BOCCEA;in corrispondenza;;del civico n.;21;;Ribaltamento senza urto contro ostacolo fisso;Rettilineo;Una carreggiata a doppio senso;Asciutto;Asfaltata;Verticale ed orizzontale;Sereno;Normale;Buona;Ore Diurne;1;0;0;6;12.42917;41.89929;-1;2;Autovettura privata;In marcia / fermata / arresto;Passeggero;F;Illeso;0;;Non accertato;Inesploso
3382705;18;05/07/2017 17:30;Strada Urbana;VIA DI BOCCEA;in corrispondenza;;del civico n.;21;;Ribaltamento senza urto contro ostacolo fisso;Rettilineo;Una carreggiata a doppio senso;Asciutto;Asfaltata;Verticale ed orizzontale;Sereno;Normale;Buona;Ore Diurne;1;0;0;6;12.42917;41.89929;-1;2;Autovettura privata;In marcia / fermata / arresto;Passeggero;M;Illeso;0;;Non accertato;Inesploso
3382723;16;04/07/2017 13:20;Strada Urbana;VIA CARLO BONTEMPS;da specificare;;;;in prox di Via delle Mura Gianicolensi;Tamponamento;Rettilineo;Una carreggiata a senso unico di marcia;Asciutto;Asfaltata;Verticale;Sereno;Normale;Buona;Ore Diurne;0;0;0;2;12.46119;41.88668;-1;1;Motociclo a solo;In marcia / fermata / arresto;Conducente;M;Illeso;0;;Non accertato;
3382723;16;04/07/2017 13:20;Strada Urbana;VIA CARLO BONTEMPS;da specificare;;;;in prox di Via delle Mura Gianicolensi;Tamponamento;Rettilineo;Una carreggiata a senso unico di marcia;Asciutto;Asfaltata;Verticale;Sereno;Normale;Buona;Ore Diurne;0;0;0;2;12.46119;41.88668;-1;2;Autovettura privata;In marcia / fermata / arresto;Conducente;M;Illeso;0;;Non accertato;Inesploso
3382729;16;04/07/2017 14:50;Strada Urbana;VIA SILVESTRI;da specificare;;;;in prossimità fronte civico 324;Veicolo in marcia contro veicolo fermo;Rettilineo;Una carreggiata a doppio senso;Asciutto;Asfaltata;Verticale ed orizzontale;Sereno;Normale;Buona;Ore Diurne;0;0;0;2;12.43265;41.87793;-1;1;Autovettura privata;In marcia / fermata / arresto;Conducente;F;Illeso;0;;Non accertato;Inesploso
3382729;16;04/07/2017 14:50;Strada Urbana;VIA SILVESTRI;da specificare;;;;in prossimità fronte civico 324;Veicolo in marcia contro veicolo fermo;Rettilineo;Una carreggiata a doppio senso;Asciutto;Asfaltata;Verticale ed orizzontale;Sereno;Normale;Buona;Ore Diurne;0;0;0;2;12.43265;41.87793;-1;2;Autovettura privata;In marcia / fermata / arresto;Conducente;M;Illeso;0;;Non accertato;Inesploso
3382737;16;04/07/2017 19:30;Strada Urbana;VIALE ISACCO NEWTON;in corrispondenza;;del civico n.;76;;Scontro laterale fra veicoli in marcia;Rettilineo;Due carreggiate;Asciutto;Asfaltata;Verticale;Sereno;Intenso;Buona;Ore Diurne;0;0;0;2;12.44102;41.85814;-1;1;Autovettura privata;In marcia / fermata / arresto;Conducente;M;Illeso;0;;Non accertato;Inesploso
3382737;16;04/07/2017 19:30;Strada Urbana;VIALE ISACCO NEWTON;in corrispondenza;;del civico n.;76;;Scontro laterale fra veicoli in marcia;Rettilineo;Due carreggiate;Asciutto;Asfaltata;Verticale;Sereno;Intenso;Buona;Ore Diurne;0;0;0;2;12.44102;41.85814;-1;2;Motociclo a solo;In marcia / fermata / arresto;Conducente;M;Illeso;0;;Non accertato;
3382792;1;05/07/2017 13:00;Strada Urbana;VIA MERULANA;all'intersezione semaforizzata con;VIA MACHIAVELLI;VIA MACHIAVELLI;;;Scontro laterale fra veicoli in marcia;Intersezione semaforizzata;Una carreggiata a doppio senso;Asciutto;Asfaltata;Verticale ed orizzontale;Sereno;Normale;Buona;Ore Diurne;0;0;0;2;12.50186;41.89212;-1;1;Autovettura privata;In marcia / fermata / arresto;Conducente;M;Illeso;0;;;
3382792;1;05/07/2017 13:00;Strada Urbana;VIA MERULANA;all'intersezione semaforizzata con;VIA MACHIAVELLI;VIA MACHIAVELLI;;;Scontro laterale fra veicoli in marcia;Intersezione semaforizzata;Una carreggiata a doppio senso;Asciutto;Asfaltata;Verticale ed orizzontale;Sereno;Normale;Buona;Ore Diurne;0;0;0;2;12.50186;41.89212;-1;2;Autovettura privata;In marcia / fermata / arresto;Conducente;F;Illeso;0;;Non accertato;Inesploso
3383139;9;06/07/2017 00:45;;VIA TARANTO;all'intersezione semaforizzata con;VIA ORVIETO;VIA ORVIETO;;;Tamponamento;;;;;;;;;;0;0;0;2;;;0;1;Autovettura privata;In marcia / fermata / arresto;Conducente;F;Illeso;0;;;
3383139;9;06/07/2017 00:45;;VIA TARANTO;all'intersezione semaforizzata con;VIA ORVIETO;VIA ORVIETO;;;Tamponamento;;;;;;;;;;0;0;0;2;;;0;2;Autovettura privata;In marcia / fermata / arresto;Conducente;M;Illeso;0;;;
3383140;1;05/07/2017 15:50;Strada Urbana;CORSO VITTORIO EMANUELE II;all'intersezione con;VIA SFORZA CESARINI;VIA SFORZA CESARINI;;;Tamponamento;Intersezione non regolata/non segnalata;Una carreggiata a doppio senso;Asciutto;Asfaltata;Orizzontale;Sereno;Normale;Buona;Ore Diurne;1;0;0;2;12.47145;41.89718;-1;1;Motociclo a solo;In marcia / fermata / arresto;Conducente;M;Illeso;0;;Non accertato;
3383140;1;05/07/2017 15:50;Strada Urbana;CORSO VITTORIO EMANUELE II;all'intersezione con;VIA SFORZA CESARINI;VIA SFORZA CESARINI;;;Tamponamento;Intersezione non regolata/non segnalata;Una carreggiata a doppio senso;Asciutto;Asfaltata;Orizzontale;Sereno;Normale;Buona;Ore Diurne;1;0;0;2;12.47145;41.89718;-1;2;Motociclo con passeggero;In marcia / fermata / arresto;Conducente;M;Illeso;0;;Non accertato;
3383140;1;05/07/2017 15:50;Strada Urbana;CORSO VITTORIO EMANUELE II;all'intersezione con;VIA SFORZA CESARINI;VIA SFORZA CESARINI;;;Tamponamento;Intersezione non regolata/non segnalata;Una carreggiata a doppio senso;Asciutto;Asfaltata;Orizzontale;Sereno;Normale;Buona;Ore Diurne;1;0;0;2;12.47145;41.89718;-1;2;Motociclo con passeggero;In marcia / fermata / arresto;Passeggero;F;Rifiuta cure immediate;0;NON DECEDUTO;Non accertato;
3383146;11;05/07/2017 15:00;Strada Urbana;VIA CRISTOFORO COLOMBO;da specificare;;;;altezza civ.142/B;Veicolo in marcia contro veicolo arresto;Rettilineo;Più di due carreggiate;Asciutto;Asfaltata;Verticale ed orizzontale;Sereno;Normale;Buona;Ore Diurne;1;0;0;1;12.49693;41.86543;-1;1;Motociclo a solo;In marcia / fermata / arresto;Conducente;M;Rimandato;0;NON DECEDUTO;Non accertato;
3383146;11;05/07/2017 15:00;Strada Urbana;VIA CRISTOFORO COLOMBO;da specificare;;;;altezza civ.142/B;Veicolo in marcia contro veicolo arresto;Rettilineo;Più di due carreggiate;Asciutto;Asfaltata;Verticale ed orizzontale;Sereno;Normale;Buona;Ore Diurne;1;0;0;1;12.49693;41.86543;-1;2;Autobus turistico;In marcia / fermata / arresto;Conducente;M;Illeso;0;;;
3383152;8;05/07/2017 08:45;Strada Urbana;VIALE PIETRO ANDERLONI;all'intersezione con;VIA DI TOR BELLA MONACA;VIA DI TOR BELLA MONACA;;;Scontro laterale fra veicoli in marcia;Intersezione non regolata/non segnalata;Una carreggiata a senso unico di marcia;Asciutto;Asfaltata;Verticale ed orizzontale;Sereno;Scarso;Buona;Ore Diurne;1;0;0;2;12.62969;41.87462;-1;1;Autovettura privata;In marcia / fermata / arresto;Conducente;M;Illeso;0;;;
3383152;8;05/07/2017 08:45;Strada Urbana;VIALE PIETRO ANDERLONI;all'intersezione con;VIA DI TOR BELLA MONACA;VIA DI TOR BELLA MONACA;;;Scontro laterale fra veicoli in marcia;Intersezione non regolata/non segnalata;Una carreggiata a senso unico di marcia;Asciutto;Asfaltata;Verticale ed orizzontale;Sereno;Scarso;Buona;Ore Diurne;1;0;0;2;12.62969;41.87462;-1;2;Motociclo a solo;In marcia / fermata / arresto;Conducente;M;Illeso;0;;;
3383152;8;05/07/2017 08:45;Strada Urbana;VIALE PIETRO ANDERLONI;all'intersezione con;VIA DI TOR BELLA MONACA;VIA DI TOR BELLA MONACA;;;Scontro laterale fra veicoli in marcia;Intersezione non regolata/non segnalata;Una carreggiata a senso unico di marcia;Asciutto;Asfaltata;Verticale ed orizzontale;Sereno;Scarso;Buona;Ore Diurne;1;0;0;2;12.62969;41.87462;-1;2;Motociclo a solo;In marcia / fermata / arresto;Passeggero;M;Rimandato;0;NON DECEDUTO;;
3383160;11;05/07/2017 11:40;Strada Urbana;CIRCONVALLAZIONE OSTIENSE;all'intersezione semaforizzata con;VIALE SETTIMIA SPIZZICHINO;VIALE SETTIMIA SPIZZICHINO;;;Scontro frontale/laterale SX fra veicoli in marcia;Intersezione semaforizzata;Due carreggiate;Asciutto;Asfaltata;Verticale ed orizzontale;Sereno;Normale;Buona;Ore Diurne;1;0;0;1;12.48445;41.86727;-1;1;Autovettura privata;In marcia / fermata / arresto;Conducente;F;Rimandato;0;NON DECEDUTO;Utilizzato;
3383160;11;05/07/2017 11:40;Strada Urbana;CIRCONVALLAZIONE OSTIENSE;all'intersezione semaforizzata con;VIALE SETTIMIA SPIZZICHINO;VIALE SETTIMIA SPIZZICHINO;;;Scontro frontale/laterale SX fra veicoli in marcia;Intersezione semaforizzata;Due carreggiate;Asciutto;Asfaltata;Verticale ed orizzontale;Sereno;Normale;Buona;Ore Diurne;1;0;0;1;12.48445;41.86727;-1;2;Autovettura privata;In marcia / fermata / arresto;Conducente;M;Illeso;0;;Utilizzato;
3383171;8;05/07/2017 11:40;Provinciale entro l'abitato;VIA PRENESTINA;da specificare;;;;pross. Via Cannaroli dir. fuori Roma;Fuoriuscita dalla sede stradale;Curva a visuale libera;Una carreggiata a doppio senso;Asciutto;Asfaltata;Orizzontale;Sereno;Normale;Buona;Ore Diurne;1;0;0;0;12.61059;41.89346;-1;1;Autovettura privata;In marcia / fermata / arresto;Conducente;M;Rimandato;0;NON DECEDUTO;Non accertato;Inesploso
3383174;8;05/07/2017 10:00;Provinciale entro l'abitato;VIA CASILINA;all'intersezione con;VIA MUSSOMELI;VIA MUSSOMELI;;;Scontro laterale fra veicoli in marcia;Incrocio;Una carreggiata a doppio senso;Asciutto;Asfaltata;Verticale ed orizzontale;Sereno;Normale;Sufficiente;Ore Diurne;2;0;0;1;12.67447;41.86391;-1;1;Autocarro inferiore 35 q.;In marcia / fermata / arresto;Conducente;M;Illeso;0;;Non accertato;Inesploso
3383174;8;05/07/2017 10:00;Provinciale entro l'abitato;VIA CASILINA;all'intersezione con;VIA MUSSOMELI;VIA MUSSOMELI;;;Scontro laterale fra veicoli in marcia;Incrocio;Una carreggiata a doppio senso;Asciutto;Asfaltata;Verticale ed orizzontale;Sereno;Normale;Sufficiente;Ore Diurne;2;0;0;1;12.67447;41.86391;-1;2;Motociclo con passeggero;In marcia / fermata / arresto;Conducente;M;Rimandato;0;NON DECEDUTO;;
3383174;8;05/07/2017 10:00;Provinciale entro l'abitato;VIA CASILINA;all'intersezione con;VIA MUSSOMELI;VIA MUSSOMELI;;;Scontro laterale fra veicoli in marcia;Incrocio;Una carreggiata a doppio senso;Asciutto;Asfaltata;Verticale ed orizzontale;Sereno;Normale;Sufficiente;Ore Diurne;2;0;0;1;12.67447;41.86391;-1;2;Motociclo con passeggero;In marcia / fermata / arresto;Passeggero;F;Rimandato;0;NON DECEDUTO;;
3383179;8;05/07/2017 07:45;Provinciale entro l'abitato;VIA CASILINA;in corrispondenza;;del civico n.;1788;;Scontro laterale fra veicoli in marcia;Rettilineo;Una carreggiata a doppio senso;Asciutto;Asfaltata;Verticale ed orizzontale;Sereno;Intenso;Sufficiente;Ore Diurne;1;0;0;1;12.67371;41.86399;-1;1;Motociclo a solo;In marcia / fermata / arresto;Conducente;M;Rimandato;0;NON DECEDUTO;Non accertato;
3383179;8;05/07/2017 07:45;Provinciale entro l'abitato;VIA CASILINA;in corrispondenza;;del civico n.;1788;;Scontro laterale fra veicoli in marcia;Rettilineo;Una carreggiata a doppio senso;Asciutto;Asfaltata;Verticale ed orizzontale;Sereno;Intenso;Sufficiente;Ore Diurne;1;0;0;1;12.67371;41.86399;-1;2;Autovettura privata;In marcia / fermata / arresto;Conducente;F;Illeso;0;;Non accertato;
3383183;1;05/07/2017 18:05;Strada Urbana;CORSO VITTORIO EMANUELE II;in corrispondenza;;del civico n.;159;;Scontro frontale/laterale SX fra veicoli in marcia;Rettilineo;Una carreggiata a doppio senso;Asciutto;Asfaltata;Orizzontale;Sereno;Normale;Buona;Ore Diurne;1;0;0;3;12.47245;41.89694;-1;1;Motociclo a solo;In marcia / fermata / arresto;Conducente;M;Rimandato;0;NON DECEDUTO;Non accertato;
3383183;1;05/07/2017 18:05;Strada Urbana;CORSO VITTORIO EMANUELE II;in corrispondenza;;del civico n.;159;;Scontro frontale/laterale SX fra veicoli in marcia;Rettilineo;Una carreggiata a doppio senso;Asciutto;Asfaltata;Orizzontale;Sereno;Normale;Buona;Ore Diurne;1;0;0;3;12.47245;41.89694;-1;2;Autovettura privata;In marcia / fermata / arresto;Conducente;M;Illeso;0;;Non accertato;Inesploso
3383183;1;05/07/2017 18:05;Strada Urbana;CORSO VITTORIO EMANUELE II;in corrispondenza;;del civico n.;159;;Scontro frontale/laterale SX fra veicoli in marcia;Rettilineo;Una carreggiata a doppio senso;Asciutto;Asfaltata;Orizzontale;Sereno;Normale;Buona;Ore Diurne;1;0;0;3;12.47245;41.89694;-1;2;Autovettura privata;In marcia / fermata / arresto;Passeggero;M;Illeso;0;;Non accertato;Inesploso
3383183;1;05/07/2017 18:05;Strada Urbana;CORSO VITTORIO EMANUELE II;in corrispondenza;;del civico n.;159;;Scontro frontale/laterale SX fra veicoli in marcia;Rettilineo;Una carreggiata a doppio senso;Asciutto;Asfaltata;Orizzontale;Sereno;Normale;Buona;Ore Diurne;1;0;0;3;12.47245;41.89694;-1;2;Autovettura privata;In marcia / fermata / arresto;Passeggero;M;Illeso;0;;Non accertato;Inesploso
3383186;8;05/07/2017 11:00;Strada Urbana;VIA PIETRO SOMMARIVA;in corrispondenza;;del civico n.;80;;Tamponamento;Rettilineo;Una carreggiata a doppio senso;Asciutto;Asfaltata;Verticale ed orizzontale;Sereno;Scarso;Buona;Ore Diurne;0;0;0;3;12.57253;41.86702;-1;1;Autovettura privata;In marcia / fermata / arresto;Conducente;F;Illeso;0;;Non accertato;Inesistente
3383186;8;05/07/2017 11:00;Strada Urbana;VIA PIETRO SOMMARIVA;in corrispondenza;;del civico n.;80;;Tamponamento;Rettilineo;Una carreggiata a doppio senso;Asciutto;Asfaltata;Verticale ed orizzontale;Sereno;Scarso;Buona;Ore Diurne;0;0;0;3;12.57253;41.86702;-1;2;Autovettura privata;In marcia / fermata / arresto;Conducente;F;Illeso;0;;;
3383186;8;05/07/2017 11:00;Strada Urbana;VIA PIETRO SOMMARIVA;in corrispondenza;;del civico n.;80;;Tamponamento;Rettilineo;Una carreggiata a doppio senso;Asciutto;Asfaltata;Verticale ed orizzontale;Sereno;Scarso;Buona;Ore Diurne;0;0;0;3;12.57253;41.86702;-1;2;Autovettura privata;In marcia / fermata / arresto;Passeggero;F;Illeso;0;;;
3383190;7;05/07/2017 12:00;Strada Urbana;VIALE PALMIRO TOGLIATTI;da specificare;;;;area parcheggio V Municipio;Scontro laterale fra veicoli in marcia;Rettilineo;Due carreggiate;Asciutto;Asfaltata;Verticale;Sereno;Normale;Buona;Ore Diurne;1;0;0;1;12.57334;41.88718;-1;1;Motociclo a solo;In marcia / fermata / arresto;Conducente;M;Rimandato;0;NON DECEDUTO;Non accertato;
3383190;7;05/07/2017 12:00;Strada Urbana;VIALE PALMIRO TOGLIATTI;da specificare;;;;area parcheggio V Municipio;Scontro laterale fra veicoli in marcia;Rettilineo;Due carreggiate;Asciutto;Asfaltata;Verticale;Sereno;Normale;Buona;Ore Diurne;1;0;0;1;12.57334;41.88718;-1;2;Autovettura privata;In marcia / fermata / arresto;Conducente;M;Illeso;0;;Non accertato;Inesploso
3383195;13;05/07/2017 09:30;Strada Urbana;VIA RODOLFO GRIMALDI CASTA;in prossimità;;del civico n.;4;;Investimento di pedone;Rettilineo;Una carreggiata a doppio senso;Asciutto;Asfaltata;Verticale ed orizzontale;Sereno;Normale;Buona;Ore Diurne;1;0;0;2;12.28746;41.72728;-1;;;;Pedone;M;Rimandato;0;NON DECEDUTO;;
3383195;13;05/07/2017 09:30;Strada Urbana;VIA RODOLFO GRIMALDI CASTA;in prossimità;;del civico n.;4;;Investimento di pedone;Rettilineo;Una carreggiata a doppio senso;Asciutto;Asfaltata;Verticale ed orizzontale;Sereno;Normale;Buona;Ore Diurne;1;0;0;2;12.28746;41.72728;-1;1;Autovettura privata;In marcia / fermata / arresto;Conducente;F;Illeso;0;;Non accertato;Inesploso
3383195;13;05/07/2017 09:30;Strada Urbana;VIA RODOLFO GRIMALDI CASTA;in prossimità;;del civico n.;4;;Investimento di pedone;Rettilineo;Una carreggiata a doppio senso;Asciutto;Asfaltata;Verticale ed orizzontale;Sereno;Normale;Buona;Ore Diurne;1;0;0;2;12.28746;41.72728;-1;1;Autovettura privata;In marcia / fermata / arresto;Passeggero;M;Illeso;0;;Non accertato;Inesploso
3383199;18;05/07/2017 18:50;Strada Urbana;VIA AURELIA;in prossimità;;del civico n.;416;;Tamponamento;Rettilineo;Due carreggiate;Asciutto;Asfaltata;Verticale ed orizzontale;Sereno;Intenso;Buona;Ore Diurne;0;0;0;1;12.42837;41.89869;-1;1;Autovettura privata;In marcia / fermata / arresto;Conducente;M;Illeso;0;;;
3383203;7;05/07/2017 12:50;Strada Urbana;VIA DI TOR TRE TESTE;da specificare;;;;in corrispondenza di Via delle Nespole;Tamponamento;Rettilineo;Una carreggiata a doppio senso;Asciutto;Asfaltata;Verticale ed orizzontale;Sereno;Normale;Buona;Ore Diurne;0;0;0;2;12.58821;41.87602;-1;1;Autovettura privata;In marcia / fermata / arresto;Conducente;M;Illeso;0;;Non accertato;Inesploso
3383203;7;05/07/2017 12:50;Strada Urbana;VIA DI TOR TRE TESTE;da specificare;;;;in corrispondenza di Via delle Nespole;Tamponamento;Rettilineo;Una carreggiata a doppio senso;Asciutto;Asfaltata;Verticale ed orizzontale;Sereno;Normale;Buona;Ore Diurne;0;0;0;2;12.58821;41.87602;-1;2;Autovettura privata;In marcia / fermata / arresto;Conducente;F;Illeso;0;;Non accertato;Inesploso
3383209;6;06/07/2017 03:30;Strada Urbana;VIALE DELLA SERENISSIMA;da specificare;;;;palo ACEA 51 direzione Prenestina;Veicolo in marcia contro veicolo in sosta;Rettilineo;Due carreggiate;Asciutto;Asfaltata;Orizzontale;Sereno;Scarso;Sufficiente;Insufficiente;0;0;0;1;12.55857;41.89687;-1;1;Autovettura privata;In marcia / fermata / arresto;Conducente;F;Illeso;0;;;
3383220;13;05/07/2017 22:50;Strada Urbana;VIALE DEI ROMAGNOLI;all'intersezione con;VIA DELLE AZZORRE;VIA DELLE AZZORRE;;;Scontro frontale/laterale DX fra veicoli in marcia;Intersezione semaforizzata;Più di due carreggiate;Asciutto;Asfaltata;Verticale ed orizzontale;Sereno;Scarso;Buona;Sufficiente;1;0;0;3;12.32241;41.76913;-1;1;Autovettura privata;In marcia / fermata / arresto;Conducente;F;Illeso;0;;Non accertato;
3383220;13;05/07/2017 22:50;Strada Urbana;VIALE DEI ROMAGNOLI;all'intersezione con;VIA DELLE AZZORRE;VIA DELLE AZZORRE;;;Scontro frontale/laterale DX fra veicoli in marcia;Intersezione semaforizzata;Più di due carreggiate;Asciutto;Asfaltata;Verticale ed orizzontale;Sereno;Scarso;Buona;Sufficiente;1;0;0;3;12.32241;41.76913;-1;1;Autovettura privata;In marcia / fermata / arresto;Passeggero;M;Illeso;0;;Non accertato;
3383220;13;05/07/2017 22:50;Strada Urbana;VIALE DEI ROMAGNOLI;all'intersezione con;VIA DELLE AZZORRE;VIA DELLE AZZORRE;;;Scontro frontale/laterale DX fra veicoli in marcia;Intersezione semaforizzata;Più di due carreggiate;Asciutto;Asfaltata;Verticale ed orizzontale;Sereno;Scarso;Buona;Sufficiente;1;0;0;3;12.32241;41.76913;-1;1;Autovettura privata;In marcia / fermata / arresto;Passeggero;F;Illeso;0;;Non accertato;
3383220;13;05/07/2017 22:50;Strada Urbana;VIALE DEI ROMAGNOLI;all'intersezione con;VIA DELLE AZZORRE;VIA DELLE AZZORRE;;;Scontro frontale/laterale DX fra veicoli in marcia;Intersezione semaforizzata;Più di due carreggiate;Asciutto;Asfaltata;Verticale ed orizzontale;Sereno;Scarso;Buona;Sufficiente;1;0;0;3;12.32241;41.76913;-1;2;Autovettura privata;In marcia / fermata / arresto;Conducente;M;Rimandato;0;NON DECEDUTO;Non accertato;
3383231;7;06/07/2017 01:30;Strada Urbana;VIALE PALMIRO TOGLIATTI;all'intersezione semaforizzata con;VIALE DEI ROMANISTI;VIALE DEI ROMANISTI;;;Veicolo in marcia contro ostacolo fisso;Incrocio;Due carreggiate;Asciutto;Asfaltata;Verticale ed orizzontale;Sereno;Scarso;Buona;Sufficiente;0;0;0;1;12.56842;41.86963;-1;1;Autovettura privata;In marcia / fermata / arresto;Conducente;M;Illeso;0;;Non accertato;Inesploso
3383232;20;05/07/2017 16:10;Strada Urbana;PIAZZA DEI GIUOCHI DELFICI;da specificare;;;;IN PROSSIMITA' DI VIA CASSIA;Scontro frontale/laterale SX fra veicoli in marcia;Rotatoria;Una carreggiata a senso unico di marcia;Asciutto;Asfaltata;Verticale ed orizzontale;Sereno;Normale;Buona;Ore Diurne;0;0;0;3;12.46291;41.9481;-1;1;Quadriciclo leggero;In marcia / fermata / arresto;Conducente;M;Illeso;0;;;
3383232;20;05/07/2017 16:10;Strada Urbana;PIAZZA DEI GIUOCHI DELFICI;da specificare;;;;IN PROSSIMITA' DI VIA CASSIA;Scontro frontale/laterale SX fra veicoli in marcia;Rotatoria;Una carreggiata a senso unico di marcia;Asciutto;Asfaltata;Verticale ed orizzontale;Sereno;Normale;Buona;Ore Diurne;0;0;0;3;12.46291;41.9481;-1;1;Quadriciclo leggero;In marcia / fermata / arresto;Passeggero;F;Illeso;0;;Non accertato;
3383232;20;05/07/2017 16:10;Strada Urbana;PIAZZA DEI GIUOCHI DELFICI;da specificare;;;;IN PROSSIMITA' DI VIA CASSIA;Scontro frontale/laterale SX fra veicoli in marcia;Rotatoria;Una carreggiata a senso unico di marcia;Asciutto;Asfaltata;Verticale ed orizzontale;Sereno;Normale;Buona;Ore Diurne;0;0;0;3;12.46291;41.9481;-1;2;Autovettura privata;In marcia / fermata / arresto;Conducente;F;Illeso;0;;Non accertato;
3383236;1;05/07/2017 18:20;Strada Urbana;PORTA S. GIOVANNI;da specificare;;;;fronte SCALA SANTA;Scontro laterale fra veicoli in marcia;Rettilineo;Una carreggiata a doppio senso;Asciutto;Asfaltata;Verticale ed orizzontale;Sereno;Normale;Buona;Ore Diurne;0;0;0;5;12.50917;41.88586;-1;1;Autovettura privata;In marcia / fermata / arresto;Conducente;M;Illeso;0;;Non accertato;
3383236;1;05/07/2017 18:20;Strada Urbana;PORTA S. GIOVANNI;da specificare;;;;fronte SCALA SANTA;Scontro laterale fra veicoli in marcia;Rettilineo;Una carreggiata a doppio senso;Asciutto;Asfaltata;Verticale ed orizzontale;Sereno;Normale;Buona;Ore Diurne;0;0;0;5;12.50917;41.88586;-1;1;Autovettura privata;In marcia / fermata / arresto;Passeggero;F;Illeso;0;;Non accertato;
3383236;1;05/07/2017 18:20;Strada Urbana;PORTA S. GIOVANNI;da specificare;;;;fronte SCALA SANTA;Scontro laterale fra veicoli in marcia;Rettilineo;Una carreggiata a doppio senso;Asciutto;Asfaltata;Verticale ed orizzontale;Sereno;Normale;Buona;Ore Diurne;0;0;0;5;12.50917;41.88586;-1;1;Autovettura privata;In marcia / fermata / arresto;Passeggero;F;Illeso;0;;Non accertato;
3383236;1;05/07/2017 18:20;Strada Urbana;PORTA S. GIOVANNI;da specificare;;;;fronte SCALA SANTA;Scontro laterale fra veicoli in marcia;Rettilineo;Una carreggiata a doppio senso;Asciutto;Asfaltata;Verticale ed orizzontale;Sereno;Normale;Buona;Ore Diurne;0;0;0;5;12.50917;41.88586;-1;1;Autovettura privata;In marcia / fermata / arresto;Passeggero;F;Illeso;0;;Non accertato;
3383236;1;05/07/2017 18:20;Strada Urbana;PORTA S. GIOVANNI;da specificare;;;;fronte SCALA SANTA;Scontro laterale fra veicoli in marcia;Rettilineo;Una carreggiata a doppio senso;Asciutto;Asfaltata;Verticale ed orizzontale;Sereno;Normale;Buona;Ore Diurne;0;0;0;5;12.50917;41.88586;-1;2;Autovettura privata;In marcia / fermata / arresto;Conducente;F;Illeso;0;;Non accertato;