Protocollo;Gruppo;DataOraIncidente;Localizzazione1;STRADA1;Localizzazione2;STRADA2;Strada02;Chilometrica;DaSpecificare;NaturaIncidente;particolaritastrade;TipoStrada;FondoStradale;Pavimentazione;Segnaletica;CondizioneAtmosferica;Traffico;Visibilita;Illuminazione;NUM_FERITI;NUM_RISERVATA;NUM_MORTI;NUM_ILLESI;Longitudine;Latitudine;Confermato;Progressivo;TipoVeicolo;StatoVeicolo;TipoPersona;Sesso;Tipolesione;Deceduto;DecedutoDopo;CinturaCascoUtilizzato;Airbag
3383402;18;06/07/2017 08:30;Strada Urbana;VIA MATTIA BATTISTINI;da specificare;;;;in prossimità di via del FORTE BRASCHI;Tamponamento Multiplo;Rettilineo;Una carreggiata a doppio senso;Asciutto;Asfaltata;Verticale;Sereno;Normale;Buona;Ore Diurne;0;0;0;5;12.4186;41.91246;-1;2;Autovettura privata;In marcia / fermata / arresto;Conducente;M;Illeso;0;;Non accertato;Inesploso
3383402;18;06/07/2017 08:30;Strada Urbana;VIA MATTIA BATTISTINI;da specificare;;;;in prossimità di via del FORTE BRASCHI;Tamponamento Multiplo;Rettilineo;Una carreggiata a doppio senso;Asciutto;Asfaltata;Verticale;Sereno;Normale;Buona;Ore Diurne;0;0;0;5;12.4186;41.91246;-1;3;Autovettura privata;In marcia / fermata / arresto;Conducente;M;Illeso;0;;Non accertato;Inesploso
3383402;18;06/07/2017 08:30;Strada Urbana;VIA MATTIA BATTISTINI;da specificare;;;;in prossimità di via del FORTE BRASCHI;Tamponamento Multiplo;Rettilineo;Una carreggiata a doppio senso;Asciutto;Asfaltata;Verticale;Sereno;Normale;Buona;Ore Diurne;0;0;0;5;12.4186;41.91246;-1;4;Autovettura privata;In marcia / fermata / arresto;Conducente;M;Illeso;0;;Non accertato;Inesploso
3383402;18;06/07/2017 08:30;Strada Urbana;VIA MATTIA BATTISTINI;da specificare;;;;in prossimità di via del FORTE BRASCHI;Tamponamento Multiplo;Rettilineo;Una carreggiata a doppio senso;Asciutto;Asfaltata;Verticale;Sereno;Normale;Buona;Ore Diurne;0;0;0;5;12.4186;41.91246;-1;4;Autovettura privata;In marcia / fermata / arresto;Passeggero;F;Illeso;0;;Non accertato;Inesploso
3383413;10;06/07/2017 09:30;Strada Urbana;VIA DEL QUADRARO;in prossimità;;del civico n.;72;;Veicolo in marcia contro veicolo fermo;Rettilineo;Una carreggiata a doppio senso;Asciutto;Asfaltata;Orizzontale;Sereno;Normale;Buona;Ore Diurne;0;0;0;5;12.55267;41.85546;-1;1;Autovettura privata;In marcia / fermata / arresto;Conducente;F;Illeso;0;;Non accertato;Inesploso
3383413;10;06/07/2017 09:30;Strada Urbana;VIA DEL QUADRARO;in prossimità;;del civico n.;72;;Veicolo in marcia contro veicolo fermo;Rettilineo;Una carreggiata a doppio senso;Asciutto;Asfaltata;Orizzontale;Sereno;Normale;Buona;Ore Diurne;0;0;0;5;12.55267;41.85546;-1;1;Autovettura privata;In marcia / fermata / arresto;Passeggero;M;Illeso;0;;Non accertato;Inesploso
3383413;10;06/07/2017 09:30;Strada Urbana;VIA DEL QUADRARO;in prossimità;;del civico n.;72;;Veicolo in marcia contro veicolo fermo;Rettilineo;Una carreggiata a doppio senso;Asciutto;Asfaltata;Orizzontale;Sereno;Normale;Buona;Ore Diurne;0;0;0;5;12.55267;41.85546;-1;1;Autovettura privata;In marcia / fermata / arresto;Passeggero;F;Illeso;0;;Non accertato;Inesploso
3383413;10;06/07/2017 09:30;Strada Urbana;VIA DEL QUADRARO;in prossimità;;del civico n.;72;;Veicolo in marcia contro veicolo fermo;Rettilineo;Una carreggiata a doppio senso;Asciutto;Asfaltata;Orizzontale;Sereno;Normale;Buona;Ore Diurne;0;0;0;5;12.55267;41.85546;-1;2;Autovettura privata;In marcia / fermata / arresto;Conducente;F;Illeso;0;;Non accertato;Inesploso
3383413;10;06/07/2017 09:30;Strada Urbana;VIA DEL QUADRARO;in prossimità;;del civico n.;72;;Veicolo in marcia contro veicolo fermo;Rettilineo;Una carreggiata a doppio senso;Asciutto;Asfaltata;Orizzontale;Sereno;Normale;Buona;Ore Diurne;0;0;0;5;12.55267;41.85546;-1;2;Autovettura privata;In marcia / fermata / arresto;Passeggero;F;Illeso;0;;Non accertato;Inesploso
3383416;13;06/07/2017 03:30;Strada Urbana;VIALE DEI ROMAGNOLI;in corrispondenza;;del civico n.;981;;Veicolo in marcia contro ostacolo fisso;Rettilineo;Una carreggiata a doppio senso;Asciutto;Asfaltata;Verticale ed orizzontale;Sereno;Scarso;Buona;Inesistente;0;0;0;1;12.31094;41.76432;-1;1;Autovettura privata;In marcia / fermata / arresto;Conducente;M;Illeso;0;;Non accertato;Esploso
3383424;6;06/07/2017 09:20;Strada Urbana;VIA PRENESTINA;all'intersezione semaforizzata con;VIA GIROLAMO COCCONI;VIA GIROLAMO COCCONI;;;Scontro frontale/laterale SX fra veicoli in marcia;Intersezione semaforizzata;Più di due carreggiate;Asciutto;Asfaltata;Verticale ed orizzontale;Sereno;Intenso;Buona;Ore Diurne;1;0;0;5;12.5631;41.89486;-1;1;Autovettura privata;In marcia / fermata / arresto;Conducente;F;Illeso;0;;Non accertato;Inesploso
3383424;6;06/07/2017 09:20;Strada Urbana;VIA PRENESTINA;all'intersezione semaforizzata con;VIA GIROLAMO COCCONI;VIA GIROLAMO COCCONI;;;Scontro frontale/laterale SX fra veicoli in marcia;Intersezione semaforizzata;Più di due carreggiate;Asciutto;Asfaltata;Verticale ed orizzontale;Sereno;Intenso;Buona;Ore Diurne;1;0;0;5;12.5631;41.89486;-1;2;Autovettura pubblica;In marcia / fermata / arresto;Conducente;M;Illeso;0;;Non accertato;Inesploso
3383424;6;06/07/2017 09:20;Strada Urbana;VIA PRENESTINA;all'intersezione semaforizzata con;VIA GIROLAMO COCCONI;VIA GIROLAMO COCCONI;;;Scontro frontale/laterale SX fra veicoli in marcia;Intersezione semaforizzata;Più di due carreggiate;Asciutto;Asfaltata;Verticale ed orizzontale;Sereno;Intenso;Buona;Ore Diurne;1;0;0;5;12.5631;41.89486;-1;2;Autovettura pubblica;In marcia / fermata / arresto;Passeggero;M;Illeso;0;;Non accertato;Inesploso
3383424;6;06/07/2017 09:20;Strada Urbana;VIA PRENESTINA;all'intersezione semaforizzata con;VIA GIROLAMO COCCONI;VIA GIROLAMO COCCONI;;;Scontro frontale/laterale SX fra veicoli in marcia;Intersezione semaforizzata;Più di due carreggiate;Asciutto;Asfaltata;Verticale ed orizzontale;Sereno;Intenso;Buona;Ore Diurne;1;0;0;5;12.5631;41.89486;-1;2;Autovettura pubblica;In marcia / fermata / arresto;Passeggero;M;Rifiuta cure immediate;0;NON DECEDUTO;Non accertato;Inesploso
3383424;6;06/07/2017 09:20;Strada Urbana;VIA PRENESTINA;all'intersezione semaforizzata con;VIA GIROLAMO COCCONI;VIA GIROLAMO COCCONI;;;Scontro frontale/laterale SX fra veicoli in marcia;Intersezione semaforizzata;Più di due carreggiate;Asciutto;Asfaltata;Verticale ed orizzontale;Sereno;Intenso;Buona;Ore Diurne;1;0;0;5;12.5631;41.89486;-1;2;Autovettura pubblica;In marcia / fermata / arresto;Passeggero;M;Illeso;0;;Non accertato;Inesploso
3383426;1;05/07/2017 16:10;Strada Urbana;VIA GIOVANNI GIOLITTI;in prossimità;;del civico n.;283;;Scontro laterale fra veicoli in marcia;Rettilineo;Una carreggiata a senso unico di marcia;Asciutto;Asfaltata;Verticale ed orizzontale;Sereno;Intenso;Buona;Ore Diurne;0;0;0;2;12.50817;41.89576;-1;1;Motociclo a solo;In marcia / fermata / arresto;Conducente;M;Illeso;0;;;
3383426;1;05/07/2017 16:10;Strada Urbana;VIA GIOVANNI GIOLITTI;in prossimità;;del civico n.;283;;Scontro laterale fra veicoli in marcia;Rettilineo;Una carreggiata a senso unico di marcia;Asciutto;Asfaltata;Verticale ed orizzontale;Sereno;Intenso;Buona;Ore Diurne;0;0;0;2;12.50817;41.89576;-1;2;Autovettura privata;In marcia / fermata / arresto;Conducente;M;Illeso;0;;;
3383435;13;05/07/2017 19:10;Strada Urbana;VIA PINDARO;all'intersezione con;VIA SENOFANE;VIA SENOFANE;;;Tamponamento;Intersezione semaforizzata;Una carreggiata a doppio senso;Asciutto;Asfaltata;Verticale ed orizzontale;Sereno;Normale;Buona;Ore Diurne;0;0;0;2;12.3669;41.757;-1;1;Autovettura privata;In marcia / fermata / arresto;Conducente;M;Illeso;0;;Non accertato;Inesploso
3383435;13;05/07/2017 19:10;Strada Urbana;VIA PINDARO;all'intersezione con;VIA SENOFANE;VIA SENOFANE;;;Tamponamento;Intersezione semaforizzata;Una carreggiata a doppio senso;Asciutto;Asfaltata;Verticale ed orizzontale;Sereno;Normale;Buona;Ore Diurne;0;0;0;2;12.3669;41.757;-1;2;Autovettura privata;In marcia / fermata / arresto;Conducente;M;Illeso;0;;Non accertato;Inesploso
3383467;4;05/07/2017 11:10;Strada Urbana;VIA MONTE CERVIALTO;in corrispondenza;;del civico n.;151;;Infortunio per sola frenata improvvisa;Rettilineo;Due carreggiate;Asciutto;Asfaltata;Orizzontale;Sereno;Normale;Buona;Ore Diurne;1;0;0;1;12.52273;41.95451;-1;1;Motociclo a solo;In marcia / fermata / arresto;Conducente;F;Rimandato;0;NON DECEDUTO;Non accertato;
3383467;4;05/07/2017 11:10;Strada Urbana;VIA MONTE CERVIALTO;in corrispondenza;;del civico n.;151;;Infortunio per sola frenata improvvisa;Rettilineo;Due carreggiate;Asciutto;Asfaltata;Orizzontale;Sereno;Normale;Buona;Ore Diurne;1;0;0;1;12.52273;41.95451;-1;2;Autovettura privata;In marcia / fermata / arresto;Conducente;M;Illeso;0;;Non accertato;Inesploso
3383471;13;05/07/2017 17:20;Comunale extraurbana;VIA CRISTOFORO COLOMBO;da specificare;;;;carreggiata laterale Km 25;Tamponamento;Rettilineo;Più di due carreggiate;Asciutto;Asfaltata;Orizzontale;Sereno;Intenso;Buona;Ore Diurne;3;0;0;0;12.41155;41.78584;-1;1;Autovettura privata;In marcia / fermata / arresto;Conducente;M;Rimandato;0;NON DECEDUTO;Non accertato;
3383471;13;05/07/2017 17:20;Comunale extraurbana;VIA CRISTOFORO COLOMBO;da specificare;;;;carreggiata laterale Km 25;Tamponamento;Rettilineo;Più di due carreggiate;Asciutto;Asfaltata;Orizzontale;Sereno;Intenso;Buona;Ore Diurne;3;0;0;0;12.41155;41.78584;-1;1;Autovettura privata;In marcia / fermata / arresto;Passeggero;F;Rimandato;0;NON DECEDUTO;Non accertato;Inesploso
3383471;13;05/07/2017 17:20;Comunale extraurbana;VIA CRISTOFORO COLOMBO;da specificare;;;;carreggiata laterale Km 25;Tamponamento;Rettilineo;Più di due carreggiate;Asciutto;Asfaltata;Orizzontale;Sereno;Intenso;Buona;Ore Diurne;3;0;0;0;12.41155;41.78584;-1;2;Motociclo a solo;In marcia / fermata / arresto;Conducente;M;Rimandato;0;NON DECEDUTO;Non accertato;
3383502;10;06/07/2017 09:20;Strada Urbana;VIALE PALMIRO TOGLIATTI;all'intersezione semaforizzata con;VIA QUINTO PUBLICIO;VIA QUINTO PUBLICIO;;;Scontro frontale/laterale DX fra veicoli in marcia;Intersezione semaforizzata;Due carreggiate;Asciutto;Asfaltata;Verticale ed orizzontale;Sereno;Normale;Sufficiente;Ore Diurne;2;0;0;0;12.57095;41.85597;-1;1;Autovettura privata;In marcia / fermata / arresto;Conducente;M;Rifiuta cure immediate;0;NON DECEDUTO;Non accertato;Esploso
3383502;10;06/07/2017 09:20;Strada Urbana;VIALE PALMIRO TOGLIATTI;all'intersezione semaforizzata con;VIA QUINTO PUBLICIO;VIA QUINTO PUBLICIO;;;Scontro frontale/laterale DX fra veicoli in marcia;Intersezione semaforizzata;Due carreggiate;Asciutto;Asfaltata;Verticale ed orizzontale;Sereno;Normale;Sufficiente;Ore Diurne;2;0;0;0;12.57095;41.85597;-1;2;Autovettura privata;In marcia / fermata / arresto;Conducente;M;Rifiuta cure immediate;0;NON DECEDUTO;Non accertato;Inesploso
3383519;7;06/07/2017 08:25;Strada Urbana;VIA TOR DE' SCHIAVI;all'intersezione con;VIA DELLE ROBINIE;VIA DELLE ROBINIE;;;Investimento di pedone;Incrocio;Una carreggiata a doppio senso;Asciutto;Asfaltata;Verticale ed orizzontale;Sereno;Normale;Buona;Ore Diurne;1;0;0;2;12.56322;41.8828;-1;;;;Pedone;F;Ricoverato;0;NON DECEDUTO;;
3383519;7;06/07/2017 08:25;Strada Urbana;VIA TOR DE' SCHIAVI;all'intersezione con;VIA DELLE ROBINIE;VIA DELLE ROBINIE;;;Investimento di pedone;Incrocio;Una carreggiata a doppio senso;Asciutto;Asfaltata;Verticale ed orizzontale;Sereno;Normale;Buona;Ore Diurne;1;0;0;2;12.56322;41.8828;-1;1;Autovettura privata;In marcia / fermata / arresto;Conducente;F;Illeso;0;;Non accertato;Inesploso
3383519;7;06/07/2017 08:25;Strada Urbana;VIA TOR DE' SCHIAVI;all'intersezione con;VIA DELLE ROBINIE;VIA DELLE ROBINIE;;;Investimento di pedone;Incrocio;Una carreggiata a doppio senso;Asciutto;Asfaltata;Verticale ed orizzontale;Sereno;Normale;Buona;Ore Diurne;1;0;0;2;12.56322;41.8828;-1;1;Autovettura privata;In marcia / fermata / arresto;Passeggero;F;Illeso;0;;Non accertato;Inesploso
3383533;2;05/07/2017 20:50;Strada Urbana;LUNGOTEVERE DELL'ACQUA ACETOSA;da specificare;;;;altezza VIA SASSI DI SAN GIULIANO;Tamponamento;Rettilineo;Una carreggiata a doppio senso;Asciutto;Asfaltata;Orizzontale;Sereno;Scarso;Buona;Sufficiente;0;0;0;3;12.47933;41.93438;-1;1;Autovettura privata;In marcia / fermata / arresto;Conducente;M;Illeso;0;;Non accertato;Inesploso
3383533;2;05/07/2017 20:50;Strada Urbana;LUNGOTEVERE DELL'ACQUA ACETOSA;da specificare;;;;altezza VIA SASSI DI SAN GIULIANO;Tamponamento;Rettilineo;Una carreggiata a doppio senso;Asciutto;Asfaltata;Orizzontale;Sereno;Scarso;Buona;Sufficiente;0;0;0;3;12.47933;41.93438;-1;1;Autovettura privata;In marcia / fermata / arresto;Passeggero;F;Illeso;0;;Non accertato;Inesploso
3383533;2;05/07/2017 20:50;Strada Urbana;LUNGOTEVERE DELL'ACQUA ACETOSA;da specificare;;;;altezza VIA SASSI DI SAN GIULIANO;Tamponamento;Rettilineo;Una carreggiata a doppio senso;Asciutto;Asfaltata;Orizzontale;Sereno;Scarso;Buona;Sufficiente;0;0;0;3;12.47933;41.93438;-1;2;Autovettura privata;In marcia / fermata / arresto;Conducente;F;Illeso;0;;Non accertato;Inesploso
3383535;2;05/07/2017 14:00;Strada Urbana;VIA NEMORENSE;in corrispondenza;;del civico n.;190;;Scontro laterale fra veicoli in marcia;Rettilineo;Una carreggiata a doppio senso;Asciutto;Asfaltata;Verticale;Sereno;Normale;Buona;Ore Diurne;0;0;0;2;12.51528;41.92901;-1;1;Autovettura privata;In marcia / fermata / arresto;Conducente;M;Illeso;0;;Non accertato;Inesploso
3383535;2;05/07/2017 14:00;Strada Urbana;VIA NEMORENSE;in corrispondenza;;del civico n.;190;;Scontro laterale fra veicoli in marcia;Rettilineo;Una carreggiata a doppio senso;Asciutto;Asfaltata;Verticale;Sereno;Normale;Buona;Ore Diurne;0;0;0;2;12.51528;41.92901;-1;2;Autovettura privata;In marcia / fermata / arresto;Conducente;M;Illeso;0;;Non accertato;Inesploso
3383538;2;05/07/2017 12:20;Strada Urbana;VIALE DEI CAVALLI MARINI;da specificare;;;;altezza VIA ANTONINO E FAUSTINA;Veicolo in marcia contro veicolo in sosta;Rettilineo;Una carreggiata a doppio senso;Asciutto;Asfaltata;Assente;Sereno;Scarso;Buona;Ore Diurne;0;0;0;4;12.48857;41.91396;-1;2;Velocipede;In marcia / fermata / arresto;Conducente;M;Illeso;0;;Esente;
3383538;2;05/07/2017 12:20;Strada Urbana;VIALE DEI CAVALLI MARINI;da specificare;;;;altezza VIA ANTONINO E FAUSTINA;Veicolo in marcia contro veicolo in sosta;Rettilineo;Una carreggiata a doppio senso;Asciutto;Asfaltata;Assente;Sereno;Scarso;Buona;Ore Diurne;0;0;0;4;12.48857;41.91396;-1;2;Velocipede;In marcia / fermata / arresto;Passeggero;M;Illeso;0;;Esente;
3383538;2;05/07/2017 12:20;Strada Urbana;VIALE DEI CAVALLI MARINI;da specificare;;;;altezza VIA ANTONINO E FAUSTINA;Veicolo in marcia contro veicolo in sosta;Rettilineo;Una carreggiata a doppio senso;Asciutto;Asfaltata;Assente;Sereno;Scarso;Buona;Ore Diurne;0;0;0;4;12.48857;41.91396;-1;2;Velocipede;In marcia / fermata / arresto;Passeggero;M;Illeso;0;;Esente;
3383538;2;05/07/2017 12:20;Strada Urbana;VIALE DEI CAVALLI MARINI;da specificare;;;;altezza VIA ANTONINO E FAUSTINA;Veicolo in marcia contro veicolo in sosta;Rettilineo;Una carreggiata a doppio senso;Asciutto;Asfaltata;Assente;Sereno;Scarso;Buona;Ore Diurne;0;0;0;4;12.48857;41.91396;-1;2;Velocipede;In marcia / fermata / arresto;Passeggero;M;Illeso;0;;Esente;
3383542;3;05/07/2017 14:20;Strada Urbana;VIA TIBURTINA;da specificare;;;;fronte civico 217;Tamponamento;Rettilineo;Più di due carreggiate;Asciutto;Asfaltata;Verticale ed orizzontale;Sereno;Scarso;Buona;Ore Diurne;1;0;0;2;12.57376;41.92564;-1;1;Autovettura privata;In marcia / fermata / arresto;Conducente;M;Illeso;0;;Non accertato;Inesploso
3383542;3;05/07/2017 14:20;Strada Urbana;VIA TIBURTINA;da specificare;;;;fronte civico 217;Tamponamento;Rettilineo;Più di due carreggiate;Asciutto;Asfaltata;Verticale ed orizzontale;Sereno;Scarso;Buona;Ore Diurne;1;0;0;2;12.57376;41.92564;-1;1;Autovettura privata;In marcia / fermata / arresto;Passeggero;M;Rimandato;0;NON DECEDUTO;Non accertato;Inesploso
3383542;3;05/07/2017 14:20;Strada Urbana;VIA TIBURTINA;da specificare;;;;fronte civico 217;Tamponamento;Rettilineo;Più di due carreggiate;Asciutto;Asfaltata;Verticale ed orizzontale;Sereno;Scarso;Buona;Ore Diurne;1;0;0;2;12.57376;41.92564;-1;2;Autovettura privata;In marcia / fermata / arresto;Conducente;F;Illeso;0;;Non accertato;Inesploso
3383545;12;05/07/2017 18:00;Strada Urbana;VIALE AFRICA;da specificare;;;;FRONTE CIVICO 32;Scontro frontale/laterale SX fra veicoli in marcia;Rettilineo;Una carreggiata a doppio senso;Asciutto;Asfaltata;Verticale ed orizzontale;Sereno;Normale;Buona;Ore Diurne;2;0;0;2;12.47274;41.82531;-1;1;Autovettura privata;In marcia / fermata / arresto;Conducente;M;Illeso;0;;Non accertato;Inesploso
3383545;12;05/07/2017 18:00;Strada Urbana;VIALE AFRICA;da specificare;;;;FRONTE CIVICO 32;Scontro frontale/laterale SX fra veicoli in marcia;Rettilineo;Una carreggiata a doppio senso;Asciutto;Asfaltata;Verticale ed orizzontale;Sereno;Normale;Buona;Ore Diurne;2;0;0;2;12.47274;41.82531;-1;1;Autovettura privata;In marcia / fermata / arresto;Passeggero;M;Illeso;0;;Non accertato;Inesistente
3383545;12;05/07/2017 18:00;Strada Urbana;VIALE AFRICA;da specificare;;;;FRONTE CIVICO 32;Scontro frontale/laterale SX fra veicoli in marcia;Rettilineo;Una carreggiata a doppio senso;Asciutto;Asfaltata;Verticale ed orizzontale;Sereno;Normale;Buona;Ore Diurne;2;0;0;2;12.47274;41.82531;-1;2;Motociclo con passeggero;In marcia / fermata / arresto;Conducente;M;Rimandato;0;NON DECEDUTO;Non accertato;
3383545;12;05/07/2017 18:00;Strada Urbana;VIALE AFRICA;da specificare;;;;FRONTE CIVICO 32;Scontro frontale/laterale SX fra veicoli in marcia;Rettilineo;Una carreggiata a doppio senso;Asciutto;Asfaltata;Verticale ed orizzontale;Sereno;Normale;Buona;Ore Diurne;2;0;0;2;12.47274;41.82531;-1;2;Motociclo con passeggero;In marcia / fermata / arresto;Passeggero;F;Rimandato;0;NON DECEDUTO;Non accertato;
3383547;2;05/07/2017 10:15;Strada Urbana;PIAZZA BUENOS AIRES;da specificare;;;;altezza VIA TAGLIAMENTO;Scontro laterale fra veicoli in marcia;Rettilineo;Due carreggiate;Asciutto;Asfaltata;Verticale ed orizzontale;Sereno;Normale;Buona;Ore Diurne;1;0;0;1;12.50013;41.91809;-1;1;Autovettura privata;In marcia / fermata / arresto;Conducente;F;Rifiuta cure immediate;0;NON DECEDUTO;;
3383547;2;05/07/2017 10:15;Strada Urbana;PIAZZA BUENOS AIRES;da specificare;;;;altezza VIA TAGLIAMENTO;Scontro laterale fra veicoli in marcia;Rettilineo;Due carreggiate;Asciutto;Asfaltata;Verticale ed orizzontale;Sereno;Normale;Buona;Ore Diurne;1;0;0;1;12.50013;41.91809;-1;2;Autovettura privata;In marcia / fermata / arresto;Conducente;F;Illeso;0;;;
3383549;2;05/07/2017 09:15;Strada Urbana;VIA DEL FORO ITALICO;in prossimità;;del civico n.;501;;Scontro laterale fra veicoli in marcia;Rettilineo;Due carreggiate;Asciutto;Asfaltata;Verticale ed orizzontale;Sereno;Normale;Buona;Ore Diurne;1;0;0;1;12.49381;41.94059;-1;1;Autovettura privata;In marcia / fermata / arresto;Conducente;M;Illeso;0;;Non accertato;Inesploso
3383549;2;05/07/2017 09:15;Strada Urbana;VIA DEL FORO ITALICO;in prossimità;;del civico n.;501;;Scontro laterale fra veicoli in marcia;Rettilineo;Due carreggiate;Asciutto;Asfaltata;Verticale ed orizzontale;Sereno;Normale;Buona;Ore Diurne;1;0;0;1;12.49381;41.94059;-1;2;Motociclo a solo;In marcia / fermata / arresto;Conducente;M;Rimandato;0;NON DECEDUTO;Non accertato;
3383555;3;05/07/2017 17:45;Strada Urbana;VIALE DELLO SCALO S. LORENZO;all'intersezione con;VIA DEGLI AUSONI;VIA DEGLI AUSONI;;;Scontro frontale/laterale DX fra veicoli in marcia;Intersezione non regolata/non segnalata;Una carreggiata a senso unico di marcia;Asciutto;Asfaltata;Verticale ed orizzontale;Sereno;Normale;Buona;Ore Diurne;1;0;0;1;12.51879;41.89656;-1;1;Autovettura privata;In marcia / fermata / arresto;Conducente;M;Illeso;0;;Non accertato;Inesploso
3383555;3;05/07/2017 17:45;Strada Urbana;VIALE DELLO SCALO S. LORENZO;all'intersezione con;VIA DEGLI AUSONI;VIA DEGLI AUSONI;;;Scontro frontale/laterale DX fra veicoli in marcia;Intersezione non regolata/non segnalata;Una carreggiata a senso unico di marcia;Asciutto;Asfaltata;Verticale ed orizzontale;Sereno;Normale;Buona;Ore Diurne;1;0;0;1;12.51879;41.89656;-1;2;Motociclo a solo;In marcia / fermata / arresto;Conducente;M;Rimandato;0;NON DECEDUTO;Non accertato;
3383565;3;04/07/2017 20:50;Strada Urbana;PIAZZA DELLE CROCIATE;in prossimità;;del civico n.;2;;Veicolo in marcia contro ostacolo accidentale;Rettilineo;Una carreggiata a senso unico di marcia;Asciutto;Asfaltata;Verticale ed orizzontale;Sereno;Normale;Buona;Sufficiente;0;0;0;1;12.52556;41.90859;-1;1;Autovettura privata;In marcia / fermata / arresto;Conducente;M;Illeso;0;;Non accertato;Inesploso
3383570;4;05/07/2017 16:30;Strada Urbana;VIA CANBERRA;in corrispondenza;;del civico n.;20;;Scontro laterale fra veicoli in marcia;Rettilineo;Una carreggiata a doppio senso;Asciutto;Asfaltata;Verticale;Sereno;Scarso;Buona;Ore Diurne;0;0;0;4;12.54995;41.97053;-1;1;Autovettura privata;In marcia / fermata / arresto;Conducente;M;Illeso;0;;Non accertato;Inesploso
3383570;4;05/07/2017 16:30;Strada Urbana;VIA CANBERRA;in corrispondenza;;del civico n.;20;;Scontro laterale fra veicoli in marcia;Rettilineo;Una carreggiata a doppio senso;Asciutto;Asfaltata;Verticale;Sereno;Scarso;Buona;Ore Diurne;0;0;0;4;12.54995;41.97053;-1;1;Autovettura privata;In marcia / fermata / arresto;Passeggero;F;Illeso;0;;Non accertato;Inesploso
3383570;4;05/07/2017 16:30;Strada Urbana;VIA CANBERRA;in corrispondenza;;del civico n.;20;;Scontro laterale fra veicoli in marcia;Rettilineo;Una carreggiata a doppio senso;Asciutto;Asfaltata;Verticale;Sereno;Scarso;Buona;Ore Diurne;0;0;0;4;12.54995;41.97053;-1;2;Autovettura privata;In marcia / fermata / arresto;Conducente;M;Illeso;0;;Non accertato;Inesploso
3383570;4;05/07/2017 16:30;Strada Urbana;VIA CANBERRA;in corrispondenza;;del civico n.;20;;Scontro laterale fra veicoli in marcia;Rettilineo;Una carreggiata a doppio senso;Asciutto;Asfaltata;Verticale;Sereno;Scarso;Buona;Ore Diurne;0;0;0;4;12.54995;41.97053;-1;2;Autovettura privata;In marcia / fermata / arresto;Passeggero;F;Illeso;0;;;
3383571;12;05/07/2017 13:55;Strada Urbana;VIA DEI GENIERI;all'intersezione con;VIA MATTEO BARTOLI;VIA MATTEO BARTOLI;;;Scontro laterale fra veicoli in marcia;Incrocio;Due carreggiate;Asciutto;Asfaltata;Verticale ed orizzontale;Sereno;Normale;Buona;Ore Diurne;1;0;0;1;12.48473;41.81719;-1;1;Autovettura privata;In marcia / fermata / arresto;Conducente;M;Illeso;0;;Non accertato;Inesploso
3383571;12;05/07/2017 13:55;Strada Urbana;VIA DEI GENIERI;all'intersezione con;VIA MATTEO BARTOLI;VIA MATTEO BARTOLI;;;Scontro laterale fra veicoli in marcia;Incrocio;Due carreggiate;Asciutto;Asfaltata;Verticale ed orizzontale;Sereno;Normale;Buona;Ore Diurne;1;0;0;1;12.48473;41.81719;-1;2;Motociclo con passeggero;In marcia / fermata / arresto;Conducente;M;Rimandato;0;NON DECEDUTO;Utilizzato;
3383587;7;06/07/2017 09:40;Strada Urbana;VIALE PALMIRO TOGLIATTI;in prossimità;;del civico n.;1284;;Scontro frontale/laterale DX fra veicoli in marcia;Rettilineo;Due carreggiate;Asciutto;Asfaltata;Verticale ed orizzontale;Sereno;Normale;Buona;Ore Diurne;1;0;0;1;12.57549;41.90122;-1;1;Autovettura privata;In marcia / fermata / arresto;Conducente;M;Illeso;0;;Non accertato;Inesploso
3383587;7;06/07/2017 09:40;Strada Urbana;VIALE PALMIRO TOGLIATTI;in prossimità;;del civico n.;1284;;Scontro frontale/laterale DX fra veicoli in marcia;Rettilineo;Due carreggiate;Asciutto;Asfaltata;Verticale ed orizzontale;Sereno;Normale;Buona;Ore Diurne;1;0;0;1;12.57549;41.90122;-1;2;Velocipede;In marcia / fermata / arresto;Conducente;M;Rimandato;0;NON DECEDUTO;Esente;
3383605;12;01/07/2017 18:35;Strada Urbana;VIA CRISTOFORO COLOMBO;da specificare;;;;ALTEZZA VIALE ALGERIA 131;Scontro laterale fra veicoli in marcia;Rettilineo;Due carreggiate;Asciutto;Asfaltata;Verticale ed orizzontale;Sereno;Normale;Buona;Ore Diurne;1;0;0;1;12.46434;41.82076;-1;1;Motociclo con passeggero;In marcia / fermata / arresto;Conducente;F;Rimandato;0;NON DECEDUTO;Non accertato;
3383605;12;01/07/2017 18:35;Strada Urbana;VIA CRISTOFORO COLOMBO;da specificare;;;;ALTEZZA VIALE ALGERIA 131;Scontro laterale fra veicoli in marcia;Rettilineo;Due carreggiate;Asciutto;Asfaltata;Verticale ed orizzontale;Sereno;Normale;Buona;Ore Diurne;1;0;0;1;12.46434;41.82076;-1;2;Autovettura privata;In marcia / fermata / arresto;Conducente;M;Illeso;0;;;Inesploso
3383617;12;01/07/2017 14:45;Provinciale entro l'abitato;VIA PONTINA;da specificare;;;;ALTEZZA VIA TUMIATI ;Tamponamento;Rettilineo;Due carreggiate;Asciutto;Asfaltata;Verticale ed orizzontale;Sereno;Intenso;Buona;Ore Diurne;0;0;0;2;12.45613;41.80673;-1;1;Autovettura privata;In marcia / fermata / arresto;Conducente;M;Illeso;0;;Non accertato;Inesploso