Protocollo;Gruppo;DataOraIncidente;Localizzazione1;STRADA1;Localizzazione2;STRADA2;Strada02;Chilometrica;DaSpecificare;NaturaIncidente;particolaritastrade;TipoStrada;FondoStradale;Pavimentazione;Segnaletica;CondizioneAtmosferica;Traffico;Visibilita;Illuminazione;NUM_FERITI;NUM_RISERVATA;NUM_MORTI;NUM_ILLESI;Longitudine;Latitudine;Confermato;Progressivo;TipoVeicolo;StatoVeicolo;TipoPersona;Sesso;Tipolesione;Deceduto;DecedutoDopo;CinturaCascoUtilizzato;Airbag
3401450;4;19/07/2017 22:15;Strada Urbana;VIA CATANIA;all'intersezione con;PIAZZALE DELLE PROVINCIE;PIAZZALE DELLE PROVINCIE;;;Scontro frontale/laterale DX fra veicoli in marcia;Intersezione stradale segnalata;Due carreggiate;Asciutto;Asfaltata;Verticale ed orizzontale;Sereno;Normale;Sufficiente;Sufficiente;0;0;0;3;12.5209;41.90936;-1;2;Autocarro inferiore 35 q.;In marcia / fermata / arresto;Conducente;M;Illeso;0;;Non accertato;Inesistente
3401450;4;19/07/2017 22:15;Strada Urbana;VIA CATANIA;all'intersezione con;PIAZZALE DELLE PROVINCIE;PIAZZALE DELLE PROVINCIE;;;Scontro frontale/laterale DX fra veicoli in marcia;Intersezione stradale segnalata;Due carreggiate;Asciutto;Asfaltata;Verticale ed orizzontale;Sereno;Normale;Sufficiente;Sufficiente;0;0;0;3;12.5209;41.90936;-1;2;Autocarro inferiore 35 q.;In marcia / fermata / arresto;Passeggero;M;Illeso;0;;Non accertato;Inesploso
3401453;4;19/07/2017 12:45;Strada Urbana;VIA DELLE VIGNE NUOVE;all'intersezione con;LARGO LUCHINO VISCONTI;LARGO LUCHINO VISCONTI;;;Scontro laterale fra veicoli in marcia;Intersezione stradale segnalata;Due carreggiate;Asciutto;Asfaltata;Verticale ed orizzontale;Sereno;Normale;Buona;Ore Diurne;0;0;0;4;12.53582;41.95536;-1;1;Autovettura privata;In marcia / fermata / arresto;Conducente;M;Illeso;0;;Non accertato;Inesploso
3401453;4;19/07/2017 12:45;Strada Urbana;VIA DELLE VIGNE NUOVE;all'intersezione con;LARGO LUCHINO VISCONTI;LARGO LUCHINO VISCONTI;;;Scontro laterale fra veicoli in marcia;Intersezione stradale segnalata;Due carreggiate;Asciutto;Asfaltata;Verticale ed orizzontale;Sereno;Normale;Buona;Ore Diurne;0;0;0;4;12.53582;41.95536;-1;1;Autovettura privata;In marcia / fermata / arresto;Passeggero;M;Illeso;0;;;
3401453;4;19/07/2017 12:45;Strada Urbana;VIA DELLE VIGNE NUOVE;all'intersezione con;LARGO LUCHINO VISCONTI;LARGO LUCHINO VISCONTI;;;Scontro laterale fra veicoli in marcia;Intersezione stradale segnalata;Due carreggiate;Asciutto;Asfaltata;Verticale ed orizzontale;Sereno;Normale;Buona;Ore Diurne;0;0;0;4;12.53582;41.95536;-1;2;Autovettura privata;In marcia / fermata / arresto;Conducente;M;Illeso;0;;Non accertato;Inesploso
3401460;4;19/07/2017 13:00;Statale;VIA SALARIA;all'intersezione con;VIA DI VALLE RICCA;VIA DI VALLE RICCA;;;Tamponamento;Intersezione stradale segnalata;Una carreggiata a doppio senso;Asciutto;Asfaltata;Verticale ed orizzontale;Sereno;Normale;Buona;Ore Diurne;2;0;0;0;12.57355;42.05118;-1;1;Autovettura pubblica;In marcia / fermata / arresto;Conducente;M;Rifiuta cure immediate;0;NON DECEDUTO;Non accertato;Inesploso
3401460;4;19/07/2017 13:00;Statale;VIA SALARIA;all'intersezione con;VIA DI VALLE RICCA;VIA DI VALLE RICCA;;;Tamponamento;Intersezione stradale segnalata;Una carreggiata a doppio senso;Asciutto;Asfaltata;Verticale ed orizzontale;Sereno;Normale;Buona;Ore Diurne;2;0;0;0;12.57355;42.05118;-1;2;Autocarro inferiore 35 q.;In marcia / fermata / arresto;Conducente;M;Rimandato;0;NON DECEDUTO;Non accertato;Inesploso
3401467;4;19/07/2017 15:48;Strada Urbana;VIALE JONIO;all'intersezione semaforizzata con;VIA CAPRAIA;VIA CAPRAIA;;;Scontro frontale/laterale DX fra veicoli in marcia;Intersezione semaforizzata;Due carreggiate;Asciutto;Asfaltata;Verticale ed orizzontale;Sereno;Normale;Sufficiente;Ore Diurne;2;0;0;2;12.53617;41.94413;-1;1;Autovettura privata;In marcia / fermata / arresto;Conducente;M;Illeso;0;;Non accertato;Inesploso
3401467;4;19/07/2017 15:48;Strada Urbana;VIALE JONIO;all'intersezione semaforizzata con;VIA CAPRAIA;VIA CAPRAIA;;;Scontro frontale/laterale DX fra veicoli in marcia;Intersezione semaforizzata;Due carreggiate;Asciutto;Asfaltata;Verticale ed orizzontale;Sereno;Normale;Sufficiente;Ore Diurne;2;0;0;2;12.53617;41.94413;-1;1;Autovettura privata;In marcia / fermata / arresto;Passeggero;F;Illeso;0;;Non accertato;Inesploso
3401467;4;19/07/2017 15:48;Strada Urbana;VIALE JONIO;all'intersezione semaforizzata con;VIA CAPRAIA;VIA CAPRAIA;;;Scontro frontale/laterale DX fra veicoli in marcia;Intersezione semaforizzata;Due carreggiate;Asciutto;Asfaltata;Verticale ed orizzontale;Sereno;Normale;Sufficiente;Ore Diurne;2;0;0;2;12.53617;41.94413;-1;2;Autovettura privata;In marcia / fermata / arresto;Conducente;F;Rifiuta cure immediate;0;NON DECEDUTO;Non accertato;Inesploso
3401467;4;19/07/2017 15:48;Strada Urbana;VIALE JONIO;all'intersezione semaforizzata con;VIA CAPRAIA;VIA CAPRAIA;;;Scontro frontale/laterale DX fra veicoli in marcia;Intersezione semaforizzata;Due carreggiate;Asciutto;Asfaltata;Verticale ed orizzontale;Sereno;Normale;Sufficiente;Ore Diurne;2;0;0;2;12.53617;41.94413;-1;2;Autovettura privata;In marcia / fermata / arresto;Passeggero;F;Rifiuta cure immediate;0;NON DECEDUTO;Non accertato;Inesploso
3401483;4;19/07/2017 16:10;Strada Urbana;VIA MONTE S. VICINO;all'intersezione con;VIA TONALE;VIA TONALE;;;Scontro frontale/laterale SX fra veicoli in marcia;Incrocio;Due carreggiate;Asciutto;Asfaltata;Assente;Sereno;Scarso;Buona;Ore Diurne;0;0;0;3;12.53448;41.94973;-1;1;Autovettura privata;In marcia / fermata / arresto;Conducente;M;Illeso;0;;Non accertato;
3401483;4;19/07/2017 16:10;Strada Urbana;VIA MONTE S. VICINO;all'intersezione con;VIA TONALE;VIA TONALE;;;Scontro frontale/laterale SX fra veicoli in marcia;Incrocio;Due carreggiate;Asciutto;Asfaltata;Assente;Sereno;Scarso;Buona;Ore Diurne;0;0;0;3;12.53448;41.94973;-1;2;Autovettura privata;In marcia / fermata / arresto;Conducente;F;Illeso;0;;Non accertato;Inesploso
3401483;4;19/07/2017 16:10;Strada Urbana;VIA MONTE S. VICINO;all'intersezione con;VIA TONALE;VIA TONALE;;;Scontro frontale/laterale SX fra veicoli in marcia;Incrocio;Due carreggiate;Asciutto;Asfaltata;Assente;Sereno;Scarso;Buona;Ore Diurne;0;0;0;3;12.53448;41.94973;-1;2;Autovettura privata;In marcia / fermata / arresto;Passeggero;F;Illeso;0;;Non accertato;Inesploso
3401487;4;20/07/2017 00:50;Strada Urbana;VIA DEI PRATI FISCALI;in prossimità;;del civico n.;55;;Veicolo in marcia contro veicolo in sosta;Rettilineo;Due carreggiate;Asciutto;Asfaltata;Verticale ed orizzontale;Sereno;Scarso;Buona;Sufficiente;0;0;0;1;12.52228;41.94608;-1;1;Autovettura privata;In marcia / fermata / arresto;Conducente;M;Illeso;0;;Non accertato;Esploso
3401498;10;20/07/2017 09:40;Strada Urbana;VIA ERMINIO;all'intersezione con;VIA PAESTUM;VIA PAESTUM;;;Scontro frontale/laterale SX fra veicoli in marcia;Intersezione stradale segnalata;Una carreggiata a senso unico di marcia;Asciutto;Asfaltata;Verticale ed orizzontale;Sereno;Normale;Buona;Ore Diurne;1;0;0;3;12.55163;41.85775;-1;1;Autovettura privata;In marcia / fermata / arresto;Conducente;F;Illeso;0;;Non accertato;Inesploso
3401498;10;20/07/2017 09:40;Strada Urbana;VIA ERMINIO;all'intersezione con;VIA PAESTUM;VIA PAESTUM;;;Scontro frontale/laterale SX fra veicoli in marcia;Intersezione stradale segnalata;Una carreggiata a senso unico di marcia;Asciutto;Asfaltata;Verticale ed orizzontale;Sereno;Normale;Buona;Ore Diurne;1;0;0;3;12.55163;41.85775;-1;1;Autovettura privata;In marcia / fermata / arresto;Passeggero;F;Illeso;0;;;
3401498;10;20/07/2017 09:40;Strada Urbana;VIA ERMINIO;all'intersezione con;VIA PAESTUM;VIA PAESTUM;;;Scontro frontale/laterale SX fra veicoli in marcia;Intersezione stradale segnalata;Una carreggiata a senso unico di marcia;Asciutto;Asfaltata;Verticale ed orizzontale;Sereno;Normale;Buona;Ore Diurne;1;0;0;3;12.55163;41.85775;-1;1;Autovettura privata;In marcia / fermata / arresto;Passeggero;M;Illeso;0;;;
3401498;10;20/07/2017 09:40;Strada Urbana;VIA ERMINIO;all'intersezione con;VIA PAESTUM;VIA PAESTUM;;;Scontro frontale/laterale SX fra veicoli in marcia;Intersezione stradale segnalata;Una carreggiata a senso unico di marcia;Asciutto;Asfaltata;Verticale ed orizzontale;Sereno;Normale;Buona;Ore Diurne;1;0;0;3;12.55163;41.85775;-1;2;Motociclo a solo;In marcia / fermata / arresto;Conducente;F;Rimandato;0;NON DECEDUTO;;
3401501;1;18/07/2017 23:10;Strada Urbana;VIA DI S. MARIA IN MONTICELLI;in corrispondenza;;del civico n.;67;;Veicolo in marcia contro veicoli in sosta;Rettilineo;Una carreggiata a senso unico di marcia;Asciutto;Asfaltata;Verticale ed orizzontale;Sereno;Normale;Buona;Sufficiente;0;0;0;1;12.47428;41.89321;-1;2;Autovettura privata;In marcia / fermata / arresto;Conducente;M;Illeso;0;;;
3401502;3;19/07/2017 09:00;Strada Urbana;VIA GAETANO MORONI;in corrispondenza;;del civico n.;72;;Scontro laterale fra veicoli in marcia;Rettilineo;Una carreggiata a doppio senso;Asciutto;Acciotolata;Verticale ed orizzontale;Sereno;Scarso;Buona;Ore Diurne;1;0;0;2;12.52216;41.91603;-1;1;Autovettura privata;In marcia / fermata / arresto;Conducente;M;Illeso;0;;Non accertato;Inesploso
3401502;3;19/07/2017 09:00;Strada Urbana;VIA GAETANO MORONI;in corrispondenza;;del civico n.;72;;Scontro laterale fra veicoli in marcia;Rettilineo;Una carreggiata a doppio senso;Asciutto;Acciotolata;Verticale ed orizzontale;Sereno;Scarso;Buona;Ore Diurne;1;0;0;2;12.52216;41.91603;-1;1;Autovettura privata;In marcia / fermata / arresto;Passeggero;F;Illeso;0;;Non accertato;Inesploso
3401502;3;19/07/2017 09:00;Strada Urbana;VIA GAETANO MORONI;in corrispondenza;;del civico n.;72;;Scontro laterale fra veicoli in marcia;Rettilineo;Una carreggiata a doppio senso;Asciutto;Acciotolata;Verticale ed orizzontale;Sereno;Scarso;Buona;Ore Diurne;1;0;0;2;12.52216;41.91603;-1;2;Motociclo a solo;In marcia / fermata / arresto;Conducente;M;Rimandato;0;NON DECEDUTO;;
3401548;1;19/07/2017 18:45;Strada Urbana;PIAZZA MADAMA;in prossimità;;del civico n.;9;;Investimento di pedone;Rettilineo;Una carreggiata a senso unico di marcia;Asciutto;In cubetti di porfido;Verticale ed orizzontale;Sereno;Normale;Buona;Ore Diurne;1;0;0;1;12.47387;41.89918;-1;;;;Pedone;M;Rifiuta cure immediate;0;NON DECEDUTO;;
3401548;1;19/07/2017 18:45;Strada Urbana;PIAZZA MADAMA;in prossimità;;del civico n.;9;;Investimento di pedone;Rettilineo;Una carreggiata a senso unico di marcia;Asciutto;In cubetti di porfido;Verticale ed orizzontale;Sereno;Normale;Buona;Ore Diurne;1;0;0;1;12.47387;41.89918;-1;1;Autovettura privata;In marcia / fermata / arresto;Conducente;F;Illeso;0;;Non accertato;
3401562;12;18/07/2017 13:20;Strada Urbana;VIA LAURENTINA;da specificare;;;;per Via dei Sommozzatori dir. centro;Tamponamento;Rettilineo;Due carreggiate;Asciutto;Asfaltata;Verticale ed orizzontale;Sereno;Normale;Buona;Ore Diurne;0;0;0;5;12.48034;41.82188;-1;1;Autovettura privata;In marcia / fermata / arresto;Conducente;M;Illeso;0;;Utilizzato;Inesploso
3401562;12;18/07/2017 13:20;Strada Urbana;VIA LAURENTINA;da specificare;;;;per Via dei Sommozzatori dir. centro;Tamponamento;Rettilineo;Due carreggiate;Asciutto;Asfaltata;Verticale ed orizzontale;Sereno;Normale;Buona;Ore Diurne;0;0;0;5;12.48034;41.82188;-1;1;Autovettura privata;In marcia / fermata / arresto;Passeggero;F;Illeso;0;;Utilizzato;Inesploso
3401562;12;18/07/2017 13:20;Strada Urbana;VIA LAURENTINA;da specificare;;;;per Via dei Sommozzatori dir. centro;Tamponamento;Rettilineo;Due carreggiate;Asciutto;Asfaltata;Verticale ed orizzontale;Sereno;Normale;Buona;Ore Diurne;0;0;0;5;12.48034;41.82188;-1;1;Autovettura privata;In marcia / fermata / arresto;Passeggero;F;Illeso;0;;Utilizzato;Inesploso
3401562;12;18/07/2017 13:20;Strada Urbana;VIA LAURENTINA;da specificare;;;;per Via dei Sommozzatori dir. centro;Tamponamento;Rettilineo;Due carreggiate;Asciutto;Asfaltata;Verticale ed orizzontale;Sereno;Normale;Buona;Ore Diurne;0;0;0;5;12.48034;41.82188;-1;1;Autovettura privata;In marcia / fermata / arresto;Passeggero;M;Illeso;0;;Utilizzato;Inesploso
3401562;12;18/07/2017 13:20;Strada Urbana;VIA LAURENTINA;da specificare;;;;per Via dei Sommozzatori dir. centro;Tamponamento;Rettilineo;Due carreggiate;Asciutto;Asfaltata;Verticale ed orizzontale;Sereno;Normale;Buona;Ore Diurne;0;0;0;5;12.48034;41.82188;-1;2;Autovettura privata;In marcia / fermata / arresto;Conducente;M;Illeso;0;;Non accertato;Inesploso
3401577;2;19/07/2017 08:50;Strada Urbana;VIALE ERITREA;da specificare;;;;fronte civico 122;Tamponamento;Rettilineo;Più di due carreggiate;Asciutto;Asfaltata;Verticale ed orizzontale;Sereno;Normale;Buona;Ore Diurne;0;0;0;2;12.51571;41.92672;-1;1;Autovettura privata;In marcia / fermata / arresto;Conducente;M;Illeso;0;;Non accertato;Inesploso
3401577;2;19/07/2017 08:50;Strada Urbana;VIALE ERITREA;da specificare;;;;fronte civico 122;Tamponamento;Rettilineo;Più di due carreggiate;Asciutto;Asfaltata;Verticale ed orizzontale;Sereno;Normale;Buona;Ore Diurne;0;0;0;2;12.51571;41.92672;-1;2;Autovettura privata;In marcia / fermata / arresto;Conducente;M;Illeso;0;;Non accertato;Inesploso
3401605;12;19/07/2017 23:45;Strada Urbana;VIALE DELL'OCEANO INDIANO;all'intersezione semaforizzata con;VIA DI DECIMA;VIA DI DECIMA;;;Scontro frontale/laterale SX fra veicoli in marcia;Incrocio;Una carreggiata a doppio senso;Asciutto;Asfaltata;Verticale ed orizzontale;Sereno;Normale;Buona;Sufficiente;0;0;0;4;12.44321;41.82156;-1;1;Autovettura privata;In marcia / fermata / arresto;Conducente;M;Illeso;0;;Non accertato;Inesploso
3401605;12;19/07/2017 23:45;Strada Urbana;VIALE DELL'OCEANO INDIANO;all'intersezione semaforizzata con;VIA DI DECIMA;VIA DI DECIMA;;;Scontro frontale/laterale SX fra veicoli in marcia;Incrocio;Una carreggiata a doppio senso;Asciutto;Asfaltata;Verticale ed orizzontale;Sereno;Normale;Buona;Sufficiente;0;0;0;4;12.44321;41.82156;-1;1;Autovettura privata;In marcia / fermata / arresto;Passeggero;M;Illeso;0;;Non accertato;Inesploso
3401605;12;19/07/2017 23:45;Strada Urbana;VIALE DELL'OCEANO INDIANO;all'intersezione semaforizzata con;VIA DI DECIMA;VIA DI DECIMA;;;Scontro frontale/laterale SX fra veicoli in marcia;Incrocio;Una carreggiata a doppio senso;Asciutto;Asfaltata;Verticale ed orizzontale;Sereno;Normale;Buona;Sufficiente;0;0;0;4;12.44321;41.82156;-1;1;Autovettura privata;In marcia / fermata / arresto;Passeggero;M;Illeso;0;;Non accertato;Inesploso
3401605;12;19/07/2017 23:45;Strada Urbana;VIALE DELL'OCEANO INDIANO;all'intersezione semaforizzata con;VIA DI DECIMA;VIA DI DECIMA;;;Scontro frontale/laterale SX fra veicoli in marcia;Incrocio;Una carreggiata a doppio senso;Asciutto;Asfaltata;Verticale ed orizzontale;Sereno;Normale;Buona;Sufficiente;0;0;0;4;12.44321;41.82156;-1;2;Autovettura privata;In marcia / fermata / arresto;Conducente;M;Illeso;0;;;
3401609;2;19/07/2017 09:20;Strada Urbana;PIAZZALE CARDINAL CONSALVI;da specificare;;;;fronte Ponte Milvio;Ribaltamento senza urto contro ostacolo fisso;Rettilineo;Due carreggiate;Viscido da liquidi oleosi;Asfaltata;Verticale ed orizzontale;Sereno;Normale;Sufficiente;Ore Diurne;1;0;0;0;12.46737;41.93383;-1;1;Motociclo a solo;In marcia / fermata / arresto;Conducente;M;Rimandato;0;NON DECEDUTO;;
3401610;12;18/07/2017 01:00;Strada Urbana;VIALE DEL CARAVAGGIO;in prossimità;;del civico n.;78;;Veicolo in marcia contro ostacolo accidentale;Rettilineo;Una carreggiata a doppio senso;Asciutto;Con buche;Verticale ed orizzontale;Sereno;Scarso;Buona;Sufficiente;0;0;0;1;12.49514;41.85115;-1;1;Autovettura privata;In marcia / fermata / arresto;Conducente;M;Illeso;0;;Non accertato;Inesploso
3401617;2;19/07/2017 10:05;Strada Urbana;VIA BERGAMO;all'intersezione con;VIA BRESCIA;VIA BRESCIA;;;Scontro frontale/laterale SX fra veicoli in marcia;Incrocio;Una carreggiata a senso unico di marcia;Asciutto;Asfaltata;Verticale ed orizzontale;Sereno;Normale;Buona;Ore Diurne;0;0;0;2;12.50011;41.91126;-1;1;Autovettura privata;In marcia / fermata / arresto;Conducente;M;Illeso;0;;;
3401617;2;19/07/2017 10:05;Strada Urbana;VIA BERGAMO;all'intersezione con;VIA BRESCIA;VIA BRESCIA;;;Scontro frontale/laterale SX fra veicoli in marcia;Incrocio;Una carreggiata a senso unico di marcia;Asciutto;Asfaltata;Verticale ed orizzontale;Sereno;Normale;Buona;Ore Diurne;0;0;0;2;12.50011;41.91126;-1;2;Autocarro inferiore 35 q.;In marcia / fermata / arresto;Conducente;M;Illeso;0;;;
3401632;7;19/07/2017 12:30;Strada Urbana;VIALE PALMIRO TOGLIATTI;all'intersezione con;VIA PRENESTINA;VIA PRENESTINA;;;Tamponamento;Incrocio;Una carreggiata a doppio senso;Asciutto;Asfaltata;Verticale ed orizzontale;Sereno;Intenso;Buona;Ore Diurne;0;0;0;4;12.57525;41.89494;-1;1;Autovettura privata;In marcia / fermata / arresto;Conducente;F;Illeso;0;;Non accertato;Inesploso
3401632;7;19/07/2017 12:30;Strada Urbana;VIALE PALMIRO TOGLIATTI;all'intersezione con;VIA PRENESTINA;VIA PRENESTINA;;;Tamponamento;Incrocio;Una carreggiata a doppio senso;Asciutto;Asfaltata;Verticale ed orizzontale;Sereno;Intenso;Buona;Ore Diurne;0;0;0;4;12.57525;41.89494;-1;2;Autovettura privata;In marcia / fermata / arresto;Conducente;F;Illeso;0;;Non accertato;Inesploso
3401632;7;19/07/2017 12:30;Strada Urbana;VIALE PALMIRO TOGLIATTI;all'intersezione con;VIA PRENESTINA;VIA PRENESTINA;;;Tamponamento;Incrocio;Una carreggiata a doppio senso;Asciutto;Asfaltata;Verticale ed orizzontale;Sereno;Intenso;Buona;Ore Diurne;0;0;0;4;12.57525;41.89494;-1;2;Autovettura privata;In marcia / fermata / arresto;Passeggero;M;Illeso;0;;Non accertato;Inesploso
3401632;7;19/07/2017 12:30;Strada Urbana;VIALE PALMIRO TOGLIATTI;all'intersezione con;VIA PRENESTINA;VIA PRENESTINA;;;Tamponamento;Incrocio;Una carreggiata a doppio senso;Asciutto;Asfaltata;Verticale ed orizzontale;Sereno;Intenso;Buona;Ore Diurne;0;0;0;4;12.57525;41.89494;-1;2;Autovettura privata;In marcia / fermata / arresto;Passeggero;M;Illeso;0;;Non accertato;Inesploso
3401637;12;18/07/2017 18:15;Statale entro l'abitato;VIA DEL MARE;in prossimità;;della chilometrica;13.9;;Tamponamento;Rettilineo;Una carreggiata a doppio senso;Asciutto;Asfaltata;Verticale ed orizzontale;Sereno;Normale;Buona;Ore Diurne;1;0;0;1;12.48491;41.6527;-1;1;Autovettura privata;In marcia / fermata / arresto;Conducente;M;Illeso;0;;;
3401637;12;18/07/2017 18:15;Statale entro l'abitato;VIA DEL MARE;in prossimità;;della chilometrica;13.9;;Tamponamento;Rettilineo;Una carreggiata a doppio senso;Asciutto;Asfaltata;Verticale ed orizzontale;Sereno;Normale;Buona;Ore Diurne;1;0;0;1;12.48491;41.6527;-1;2;Autovettura privata;In marcia / fermata / arresto;Conducente;M;Rimandato;0;NON DECEDUTO;;
3401638;15;20/07/2017 11:20;Strada Urbana;VIA PORTUENSE;da specificare;;;;altezza intersezione con Via Martini.;Tamponamento Multiplo;Rettilineo;Una carreggiata a doppio senso;Asciutto;Asfaltata;Orizzontale;Sereno;Normale;Buona;Ore Diurne;0;0;0;6;12.35585;41.82718;-1;1;Autovettura privata;In marcia / fermata / arresto;Conducente;M;Illeso;0;;Non accertato;Inesploso
3401638;15;20/07/2017 11:20;Strada Urbana;VIA PORTUENSE;da specificare;;;;altezza intersezione con Via Martini.;Tamponamento Multiplo;Rettilineo;Una carreggiata a doppio senso;Asciutto;Asfaltata;Orizzontale;Sereno;Normale;Buona;Ore Diurne;0;0;0;6;12.35585;41.82718;-1;1;Autovettura privata;In marcia / fermata / arresto;Passeggero;F;Illeso;0;;Non accertato;Inesploso
3401638;15;20/07/2017 11:20;Strada Urbana;VIA PORTUENSE;da specificare;;;;altezza intersezione con Via Martini.;Tamponamento Multiplo;Rettilineo;Una carreggiata a doppio senso;Asciutto;Asfaltata;Orizzontale;Sereno;Normale;Buona;Ore Diurne;0;0;0;6;12.35585;41.82718;-1;2;Autovettura privata;In marcia / fermata / arresto;Conducente;M;Illeso;0;;Non accertato;Inesploso
3401638;15;20/07/2017 11:20;Strada Urbana;VIA PORTUENSE;da specificare;;;;altezza intersezione con Via Martini.;Tamponamento Multiplo;Rettilineo;Una carreggiata a doppio senso;Asciutto;Asfaltata;Orizzontale;Sereno;Normale;Buona;Ore Diurne;0;0;0;6;12.35585;41.82718;-1;3;Autovettura privata;In marcia / fermata / arresto;Conducente;M;Illeso;0;;Non accertato;Inesploso
3401638;15;20/07/2017 11:20;Strada Urbana;VIA PORTUENSE;da specificare;;;;altezza intersezione con Via Martini.;Tamponamento Multiplo;Rettilineo;Una carreggiata a doppio senso;Asciutto;Asfaltata;Orizzontale;Sereno;Normale;Buona;Ore Diurne;0;0;0;6;12.35585;41.82718;-1;4;Autovettura privata;In marcia / fermata / arresto;Conducente;M;Illeso;0;;Non accertato;Inesploso
3401638;15;20/07/2017 11:20;Strada Urbana;VIA PORTUENSE;da specificare;;;;altezza intersezione con Via Martini.;Tamponamento Multiplo;Rettilineo;Una carreggiata a doppio senso;Asciutto;Asfaltata;Orizzontale;Sereno;Normale;Buona;Ore Diurne;0;0;0;6;12.35585;41.82718;-1;5;Autovettura privata;In marcia / fermata / arresto;Conducente;M;Illeso;0;;Non accertato;Inesploso
3401715;2;19/07/2017 23:30;Strada Urbana;VIA PADOVA;all'intersezione con;VIA CREMONA;VIA CREMONA;;;Scontro frontale/laterale SX fra veicoli in marcia;Incrocio;Una carreggiata a senso unico di marcia;Asciutto;Asfaltata;Verticale;Sereno;Normale;Buona;Sufficiente;1;0;0;2;12.51909;41.91105;-1;1;Autovettura privata;In marcia / fermata / arresto;Conducente;M;Illeso;0;;Non accertato;Inesploso
3401715;2;19/07/2017 23:30;Strada Urbana;VIA PADOVA;all'intersezione con;VIA CREMONA;VIA CREMONA;;;Scontro frontale/laterale SX fra veicoli in marcia;Incrocio;Una carreggiata a senso unico di marcia;Asciutto;Asfaltata;Verticale;Sereno;Normale;Buona;Sufficiente;1;0;0;2;12.51909;41.91105;-1;2;Motociclo con passeggero;In marcia / fermata / arresto;Conducente;M;Rimandato;0;NON DECEDUTO;Non accertato;
3401715;2;19/07/2017 23:30;Strada Urbana;VIA PADOVA;all'intersezione con;VIA CREMONA;VIA CREMONA;;;Scontro frontale/laterale SX fra veicoli in marcia;Incrocio;Una carreggiata a senso unico di marcia;Asciutto;Asfaltata;Verticale;Sereno;Normale;Buona;Sufficiente;1;0;0;2;12.51909;41.91105;-1;2;Motociclo con passeggero;In marcia / fermata / arresto;Passeggero;M;Illeso;0;;Non accertato;
3401825;6;20/07/2017 13:15;Strada Urbana;CIRCONVALLAZIONE CASILINA;in corrispondenza;;del civico n.;41;;Veicolo in marcia contro veicolo in sosta;Rettilineo;Una carreggiata a senso unico di marcia;Asciutto;Asfaltata;Orizzontale;Sereno;Scarso;Buona;Ore Diurne;0;0;0;1;12.52789;41.89019;-1;1;Autovettura privata;In marcia / fermata / arresto;Conducente;M;Illeso;0;;Non accertato;Inesploso
3401853;23;19/07/2017 11:15;Strada Urbana;PIAZZALE CRISTOFORO COLOMBO;da specificare;;;;altezza rotatoria;Scontro frontale/laterale DX fra veicoli in marcia;Rotatoria;Più di due carreggiate;Asciutto;Asfaltata;Orizzontale;Sereno;Normale;Buona;Ore Diurne;0;0;0;5;12.32023;41.71566;-1;1;Autovettura privata;In marcia / fermata / arresto;Conducente;M;Illeso;0;;Non accertato;Inesploso
3401853;23;19/07/2017 11:15;Strada Urbana;PIAZZALE CRISTOFORO COLOMBO;da specificare;;;;altezza rotatoria;Scontro frontale/laterale DX fra veicoli in marcia;Rotatoria;Più di due carreggiate;Asciutto;Asfaltata;Orizzontale;Sereno;Normale;Buona;Ore Diurne;0;0;0;5;12.32023;41.71566;-1;1;Autovettura privata;In marcia / fermata / arresto;Passeggero;F;Illeso;0;;Non accertato;Inesploso
3401853;23;19/07/2017 11:15;Strada Urbana;PIAZZALE CRISTOFORO COLOMBO;da specificare;;;;altezza rotatoria;Scontro frontale/laterale DX fra veicoli in marcia;Rotatoria;Più di due carreggiate;Asciutto;Asfaltata;Orizzontale;Sereno;Normale;Buona;Ore Diurne;0;0;0;5;12.32023;41.71566;-1;2;Autovettura privata;In marcia / fermata / arresto;Conducente;M;Illeso;0;;Non accertato;Inesploso
3401853;23;19/07/2017 11:15;Strada Urbana;PIAZZALE CRISTOFORO COLOMBO;da specificare;;;;altezza rotatoria;Scontro frontale/laterale DX fra veicoli in marcia;Rotatoria;Più di due carreggiate;Asciutto;Asfaltata;Orizzontale;Sereno;Normale;Buona;Ore Diurne;0;0;0;5;12.32023;41.71566;-1;2;Autovettura privata;In marcia / fermata / arresto;Passeggero;F;Illeso;0;;Non accertato;Inesploso
3401853;23;19/07/2017 11:15;Strada Urbana;PIAZZALE CRISTOFORO COLOMBO;da specificare;;;;altezza rotatoria;Scontro frontale/laterale DX fra veicoli in marcia;Rotatoria;Più di due carreggiate;Asciutto;Asfaltata;Orizzontale;Sereno;Normale;Buona;Ore Diurne;0;0;0;5;12.32023;41.71566;-1;2;Autovettura privata;In marcia / fermata / arresto;Passeggero;M;Illeso;0;;Non accertato;Inesploso
3401860;6;20/07/2017 09:00;Strada Urbana;VIA L'AQUILA;in corrispondenza;;del civico n.;1;;Veicolo in marcia contro ostacolo accidentale;Rettilineo;Una carreggiata a senso unico di marcia;Viscido da liquidi oleosi;Asfaltata;Verticale ed orizzontale;Sereno;Intenso;Buona;Ore Diurne;0;0;0;1;12.52357;41.88978;-1;1;Motociclo a solo;In marcia / fermata / arresto;Conducente;M;Illeso;0;;;