Protocollo;Gruppo;DataOraIncidente;Localizzazione1;STRADA1;Localizzazione2;STRADA2;Strada02;Chilometrica;DaSpecificare;NaturaIncidente;particolaritastrade;TipoStrada;FondoStradale;Pavimentazione;Segnaletica;CondizioneAtmosferica;Traffico;Visibilita;Illuminazione;NUM_FERITI;NUM_RISERVATA;NUM_MORTI;NUM_ILLESI;Longitudine;Latitudine;Confermato;Progressivo;TipoVeicolo;StatoVeicolo;TipoPersona;Sesso;Tipolesione;Deceduto;DecedutoDopo;CinturaCascoUtilizzato;Airbag
3409103;3;26/07/2017 11:00;Strada Urbana;LARGO DI VILLA MASSIMO;da specificare;;;;in prossimità via Nibby;Scontro frontale/laterale DX fra veicoli in marcia;Rettilineo;Una carreggiata a senso unico di marcia;Asciutto;Asfaltata;Verticale ed orizzontale;Sereno;Scarso;Buona;Ore Diurne;0;0;0;3;12.51744;41.91649;-1;1;Autovettura privata;In marcia / fermata / arresto;Passeggero;F;Illeso;0;;Non accertato;
3409103;3;26/07/2017 11:00;Strada Urbana;LARGO DI VILLA MASSIMO;da specificare;;;;in prossimità via Nibby;Scontro frontale/laterale DX fra veicoli in marcia;Rettilineo;Una carreggiata a senso unico di marcia;Asciutto;Asfaltata;Verticale ed orizzontale;Sereno;Scarso;Buona;Ore Diurne;0;0;0;3;12.51744;41.91649;-1;2;Autovettura privata;In marcia / fermata / arresto;Conducente;M;Illeso;0;;Non accertato;
3409117;12;24/07/2017 10:45;Regionale;VIA PONTINA;in prossimità;;del civico n.;251;;Veicolo in marcia contro ostacolo accidentale;Rettilineo;Due carreggiate;Asciutto;Asfaltata;Verticale ed orizzontale;Nuvoloso;Normale;Buona;Ore Diurne;0;0;0;2;12.45284;41.79589;-1;1;Autovettura privata;In marcia / fermata / arresto;Conducente;M;Illeso;0;;Utilizzato;Inesploso
3409117;12;24/07/2017 10:45;Regionale;VIA PONTINA;in prossimità;;del civico n.;251;;Veicolo in marcia contro ostacolo accidentale;Rettilineo;Due carreggiate;Asciutto;Asfaltata;Verticale ed orizzontale;Nuvoloso;Normale;Buona;Ore Diurne;0;0;0;2;12.45284;41.79589;-1;1;Autovettura privata;In marcia / fermata / arresto;Passeggero;F;Illeso;0;;Utilizzato;Inesploso
3409127;12;25/07/2017 00:50;Strada Urbana;VIA SARSINA;all'intersezione con;VIALE VENTIMIGLIA;VIALE VENTIMIGLIA;;;Scontro laterale fra veicoli in marcia;Incrocio;Una carreggiata a doppio senso;Asciutto;Asfaltata;Verticale ed orizzontale;Nuvoloso;Scarso;Buona;Sufficiente;0;0;0;5;12.40722;41.79203;-1;1;Autovettura privata;In marcia / fermata / arresto;Conducente;M;Illeso;0;;Utilizzato;Inesploso
3409127;12;25/07/2017 00:50;Strada Urbana;VIA SARSINA;all'intersezione con;VIALE VENTIMIGLIA;VIALE VENTIMIGLIA;;;Scontro laterale fra veicoli in marcia;Incrocio;Una carreggiata a doppio senso;Asciutto;Asfaltata;Verticale ed orizzontale;Nuvoloso;Scarso;Buona;Sufficiente;0;0;0;5;12.40722;41.79203;-1;2;Autovettura privata;In marcia / fermata / arresto;Conducente;M;Illeso;0;;Utilizzato;Inesploso
3409127;12;25/07/2017 00:50;Strada Urbana;VIA SARSINA;all'intersezione con;VIALE VENTIMIGLIA;VIALE VENTIMIGLIA;;;Scontro laterale fra veicoli in marcia;Incrocio;Una carreggiata a doppio senso;Asciutto;Asfaltata;Verticale ed orizzontale;Nuvoloso;Scarso;Buona;Sufficiente;0;0;0;5;12.40722;41.79203;-1;2;Autovettura privata;In marcia / fermata / arresto;Passeggero;M;Illeso;0;;Utilizzato;Inesploso
3409127;12;25/07/2017 00:50;Strada Urbana;VIA SARSINA;all'intersezione con;VIALE VENTIMIGLIA;VIALE VENTIMIGLIA;;;Scontro laterale fra veicoli in marcia;Incrocio;Una carreggiata a doppio senso;Asciutto;Asfaltata;Verticale ed orizzontale;Nuvoloso;Scarso;Buona;Sufficiente;0;0;0;5;12.40722;41.79203;-1;2;Autovettura privata;In marcia / fermata / arresto;Passeggero;M;Illeso;0;;Utilizzato;Inesploso
3409127;12;25/07/2017 00:50;Strada Urbana;VIA SARSINA;all'intersezione con;VIALE VENTIMIGLIA;VIALE VENTIMIGLIA;;;Scontro laterale fra veicoli in marcia;Incrocio;Una carreggiata a doppio senso;Asciutto;Asfaltata;Verticale ed orizzontale;Nuvoloso;Scarso;Buona;Sufficiente;0;0;0;5;12.40722;41.79203;-1;2;Autovettura privata;In marcia / fermata / arresto;Passeggero;M;Illeso;0;;Utilizzato;Inesploso
3409131;12;24/07/2017 18:00;Strada Urbana;VIA MARINO MARINI;in prossimità;;del civico n.;22;;Veicolo in marcia contro ostacolo accidentale;Rettilineo;Una carreggiata a doppio senso;Asciutto;Sterrata;Assente;Sereno;Normale;Buona;Sufficiente;0;0;0;1;12.43435;41.79963;-1;1;Autovettura privata;In marcia / fermata / arresto;Conducente;M;Illeso;0;;;
3409139;3;25/07/2017 17:05;Strada Urbana;VIALE PRETORIANO;all'intersezione semaforizzata con;VIALE PIERO GOBETTI;VIALE PIERO GOBETTI;;;Investimento di pedone;Intersezione semaforizzata;Una carreggiata a doppio senso;Asciutto;Asfaltata;Orizzontale;Sereno;Intenso;Buona;Ore Diurne;1;1;0;0;12.5081;41.9009;-1;;;;Pedone;F;Rimandato;0;NON DECEDUTO;;
3409139;3;25/07/2017 17:05;Strada Urbana;VIALE PRETORIANO;all'intersezione semaforizzata con;VIALE PIERO GOBETTI;VIALE PIERO GOBETTI;;;Investimento di pedone;Intersezione semaforizzata;Una carreggiata a doppio senso;Asciutto;Asfaltata;Orizzontale;Sereno;Intenso;Buona;Ore Diurne;1;1;0;0;12.5081;41.9009;-1;1;Velocipede;In marcia / fermata / arresto;Conducente;M;Prognosi riservata;0;NON DECEDUTO;Esente;
3409151;16;25/07/2017 12:45;Strada Urbana;VIA DELLA STAZIONE AURELIA;all'intersezione con;VIA DEI BEVILACQUA;VIA DEI BEVILACQUA;;;Scontro frontale/laterale SX fra veicoli in marcia;Incrocio;Una carreggiata a doppio senso;Asciutto;Asfaltata;Verticale;Sereno;Scarso;Buona;Ore Diurne;0;0;0;2;12.3986;41.88457;-1;1;Autocarro inferiore 35 q.;In marcia / fermata / arresto;Conducente;M;Illeso;0;;Non accertato;Inesploso
3409151;16;25/07/2017 12:45;Strada Urbana;VIA DELLA STAZIONE AURELIA;all'intersezione con;VIA DEI BEVILACQUA;VIA DEI BEVILACQUA;;;Scontro frontale/laterale SX fra veicoli in marcia;Incrocio;Una carreggiata a doppio senso;Asciutto;Asfaltata;Verticale;Sereno;Scarso;Buona;Ore Diurne;0;0;0;2;12.3986;41.88457;-1;2;Autovettura privata;In marcia / fermata / arresto;Conducente;F;Illeso;0;;Non accertato;Inesploso
3409162;16;25/07/2017 13:35;Strada Urbana;VIA QUIRINO MAJORANA;in prossimità;;del palo luce n.;44;;Scontro frontale/laterale SX fra veicoli in marcia;Rettilineo;Due carreggiate;Asciutto;Asfaltata;Verticale ed orizzontale;Sereno;Normale;Buona;Ore Diurne;2;0;0;1;12.46223;41.86827;-1;1;Autovettura privata;In marcia / fermata / arresto;Conducente;M;Illeso;0;;Non accertato;
3409162;16;25/07/2017 13:35;Strada Urbana;VIA QUIRINO MAJORANA;in prossimità;;del palo luce n.;44;;Scontro frontale/laterale SX fra veicoli in marcia;Rettilineo;Due carreggiate;Asciutto;Asfaltata;Verticale ed orizzontale;Sereno;Normale;Buona;Ore Diurne;2;0;0;1;12.46223;41.86827;-1;2;Motociclo con passeggero;In marcia / fermata / arresto;Conducente;M;Ricoverato;0;NON DECEDUTO;;
3409162;16;25/07/2017 13:35;Strada Urbana;VIA QUIRINO MAJORANA;in prossimità;;del palo luce n.;44;;Scontro frontale/laterale SX fra veicoli in marcia;Rettilineo;Due carreggiate;Asciutto;Asfaltata;Verticale ed orizzontale;Sereno;Normale;Buona;Ore Diurne;2;0;0;1;12.46223;41.86827;-1;2;Motociclo con passeggero;In marcia / fermata / arresto;Passeggero;M;Rimandato;0;NON DECEDUTO;Non accertato;
3409168;1;26/07/2017 13:20;Strada Urbana;VIA CESARE BATTISTI;in prossimità;;del civico n.;120d;;Veicolo in marcia contro ostacolo accidentale;Rettilineo;Una carreggiata a doppio senso;Asciutto;In cubetti di porfido;Verticale ed orizzontale;Sereno;Normale;Buona;Ore Diurne;2;0;0;0;12.48307;41.8964;-1;1;Motociclo con passeggero;In marcia / fermata / arresto;Conducente;M;Rifiuta cure immediate;0;NON DECEDUTO;Non accertato;
3409168;1;26/07/2017 13:20;Strada Urbana;VIA CESARE BATTISTI;in prossimità;;del civico n.;120d;;Veicolo in marcia contro ostacolo accidentale;Rettilineo;Una carreggiata a doppio senso;Asciutto;In cubetti di porfido;Verticale ed orizzontale;Sereno;Normale;Buona;Ore Diurne;2;0;0;0;12.48307;41.8964;-1;1;Motociclo con passeggero;In marcia / fermata / arresto;Passeggero;M;Rimandato;0;NON DECEDUTO;Non accertato;
3409178;7;26/07/2017 15:20;Strada Urbana;VIA SALVIATI;in prossimità;;del palo luce n.;37;;Tamponamento;Rettilineo;Una carreggiata a doppio senso;Asciutto;Asfaltata;Verticale ed orizzontale;Nuvoloso;Normale;Buona;Ore Diurne;0;0;0;2;12.58811;41.90762;-1;1;Autocarro inferiore 35 q.;In marcia / fermata / arresto;Conducente;M;Illeso;0;;Non accertato;Inesploso
3409178;7;26/07/2017 15:20;Strada Urbana;VIA SALVIATI;in prossimità;;del palo luce n.;37;;Tamponamento;Rettilineo;Una carreggiata a doppio senso;Asciutto;Asfaltata;Verticale ed orizzontale;Nuvoloso;Normale;Buona;Ore Diurne;0;0;0;2;12.58811;41.90762;-1;2;Autovettura privata;In marcia / fermata / arresto;Conducente;M;Illeso;0;;Non accertato;Inesploso
3409183;16;25/07/2017 17:00;Strada Urbana;VIA DELLA PISANA;in corrispondenza;;del civico n.;249;;Investimento di pedone;Rettilineo;Una carreggiata a doppio senso;Asciutto;Asfaltata;Verticale ed orizzontale;Sereno;Normale;Sufficiente;Ore Diurne;1;0;0;2;12.41556;41.87731;-1;;;;Pedone;F;Rimandato;0;NON DECEDUTO;;
3409183;16;25/07/2017 17:00;Strada Urbana;VIA DELLA PISANA;in corrispondenza;;del civico n.;249;;Investimento di pedone;Rettilineo;Una carreggiata a doppio senso;Asciutto;Asfaltata;Verticale ed orizzontale;Sereno;Normale;Sufficiente;Ore Diurne;1;0;0;2;12.41556;41.87731;-1;1;Autovettura privata;In marcia / fermata / arresto;Conducente;F;Illeso;0;;Non accertato;Inesploso
3409183;16;25/07/2017 17:00;Strada Urbana;VIA DELLA PISANA;in corrispondenza;;del civico n.;249;;Investimento di pedone;Rettilineo;Una carreggiata a doppio senso;Asciutto;Asfaltata;Verticale ed orizzontale;Sereno;Normale;Sufficiente;Ore Diurne;1;0;0;2;12.41556;41.87731;-1;1;Autovettura privata;In marcia / fermata / arresto;Passeggero;F;Illeso;0;;Non accertato;Inesploso
3409186;12;26/07/2017 14:30;Strada Urbana;PIAZZALE VENTICINQUE MARZO 1957;all'intersezione semaforizzata con;VIALE DELL'OCEANO PACIFICO;VIALE DELL'OCEANO PACIFICO;;;Scontro frontale/laterale SX fra veicoli in marcia;Intersezione semaforizzata;Una carreggiata a doppio senso;Asciutto;Asfaltata;Verticale ed orizzontale;Sereno;Normale;Buona;Ore Diurne;1;0;0;1;12.46303;41.81852;-1;1;Autovettura privata;In marcia / fermata / arresto;Conducente;M;Illeso;0;;Non accertato;Esploso
3409186;12;26/07/2017 14:30;Strada Urbana;PIAZZALE VENTICINQUE MARZO 1957;all'intersezione semaforizzata con;VIALE DELL'OCEANO PACIFICO;VIALE DELL'OCEANO PACIFICO;;;Scontro frontale/laterale SX fra veicoli in marcia;Intersezione semaforizzata;Una carreggiata a doppio senso;Asciutto;Asfaltata;Verticale ed orizzontale;Sereno;Normale;Buona;Ore Diurne;1;0;0;1;12.46303;41.81852;-1;2;Motociclo a solo;In marcia / fermata / arresto;Conducente;M;Rimandato;0;NON DECEDUTO;Non accertato;
3409191;1;25/07/2017 11:30;Strada Urbana;PIAZZA DI S. EUSTACHIO;all'intersezione con;VIA DELLA DOGANA VECCHIA;VIA DELLA DOGANA VECCHIA;;;Veicolo in marcia contro ostacolo fisso;Incrocio;Una carreggiata a senso unico di marcia;Asciutto;Acciotolata;Verticale;Sereno;Scarso;Buona;Ore Diurne;0;0;0;1;12.47543;41.89836;-1;1;Autovettura pubblica;In marcia / fermata / arresto;Conducente;M;Illeso;0;;Non accertato;
3409210;3;25/07/2017 21:10;Strada Urbana;VIA CORINALDO;all'intersezione con;VIA SIROLO;VIA SIROLO;;;Scontro frontale/laterale SX fra veicoli in marcia;Intersezione stradale segnalata;Una carreggiata a senso unico di marcia;Asciutto;Asfaltata;Verticale;Sereno;Scarso;Sufficiente;Sufficiente;1;0;0;2;12.58594;41.9383;-1;1;Autovettura privata;In marcia / fermata / arresto;Conducente;M;Rimandato;0;NON DECEDUTO;Non accertato;Esploso
3409210;3;25/07/2017 21:10;Strada Urbana;VIA CORINALDO;all'intersezione con;VIA SIROLO;VIA SIROLO;;;Scontro frontale/laterale SX fra veicoli in marcia;Intersezione stradale segnalata;Una carreggiata a senso unico di marcia;Asciutto;Asfaltata;Verticale;Sereno;Scarso;Sufficiente;Sufficiente;1;0;0;2;12.58594;41.9383;-1;2;Autovettura privata;In marcia / fermata / arresto;Conducente;F;Illeso;0;;Non accertato;
3409210;3;25/07/2017 21:10;Strada Urbana;VIA CORINALDO;all'intersezione con;VIA SIROLO;VIA SIROLO;;;Scontro frontale/laterale SX fra veicoli in marcia;Intersezione stradale segnalata;Una carreggiata a senso unico di marcia;Asciutto;Asfaltata;Verticale;Sereno;Scarso;Sufficiente;Sufficiente;1;0;0;2;12.58594;41.9383;-1;2;Autovettura privata;In marcia / fermata / arresto;Passeggero;M;Illeso;0;;Non accertato;
3409215;5;26/07/2017 05:50;Strada Urbana;VIA TIBURTINA;da specificare;;;;in corrispondenza del km. 13,700;Tamponamento;Rettilineo;Due carreggiate;Asciutto;Asfaltata;Verticale ed orizzontale;Sereno;Normale;Buona;Ore Diurne;2;0;0;2;12.61605;41.93664;-1;1;Autovettura privata;In marcia / fermata / arresto;Conducente;M;Rimandato;0;NON DECEDUTO;Non accertato;Esploso
3409215;5;26/07/2017 05:50;Strada Urbana;VIA TIBURTINA;da specificare;;;;in corrispondenza del km. 13,700;Tamponamento;Rettilineo;Due carreggiate;Asciutto;Asfaltata;Verticale ed orizzontale;Sereno;Normale;Buona;Ore Diurne;2;0;0;2;12.61605;41.93664;-1;1;Autovettura privata;In marcia / fermata / arresto;Passeggero;M;Illeso;0;;Non accertato;Esploso
3409215;5;26/07/2017 05:50;Strada Urbana;VIA TIBURTINA;da specificare;;;;in corrispondenza del km. 13,700;Tamponamento;Rettilineo;Due carreggiate;Asciutto;Asfaltata;Verticale ed orizzontale;Sereno;Normale;Buona;Ore Diurne;2;0;0;2;12.61605;41.93664;-1;2;Autocarro inferiore 35 q.;In marcia / fermata / arresto;Conducente;M;Illeso;0;;Non accertato;Inesploso
3409215;5;26/07/2017 05:50;Strada Urbana;VIA TIBURTINA;da specificare;;;;in corrispondenza del km. 13,700;Tamponamento;Rettilineo;Due carreggiate;Asciutto;Asfaltata;Verticale ed orizzontale;Sereno;Normale;Buona;Ore Diurne;2;0;0;2;12.61605;41.93664;-1;2;Autocarro inferiore 35 q.;In marcia / fermata / arresto;Passeggero;F;Rimandato;0;NON DECEDUTO;Non accertato;Inesistente
3409217;1;26/07/2017 11:30;Strada Urbana;VIA MAGNANAPOLI;all'intersezione con;VIA PANISPERNA;VIA PANISPERNA;;;Tamponamento;Incrocio;Una carreggiata a senso unico di marcia;Asciutto;In cubetti di porfido;Verticale ed orizzontale;Sereno;Normale;Sufficiente;Ore Diurne;1;0;0;1;12.48696;41.89627;-1;1;Autocarro inferiore 35 q.;In marcia / fermata / arresto;Conducente;M;Illeso;0;;Non accertato;Esploso
3409217;1;26/07/2017 11:30;Strada Urbana;VIA MAGNANAPOLI;all'intersezione con;VIA PANISPERNA;VIA PANISPERNA;;;Tamponamento;Incrocio;Una carreggiata a senso unico di marcia;Asciutto;In cubetti di porfido;Verticale ed orizzontale;Sereno;Normale;Sufficiente;Ore Diurne;1;0;0;1;12.48696;41.89627;-1;2;Motociclo a solo;In marcia / fermata / arresto;Conducente;M;Rimandato;0;NON DECEDUTO;Non accertato;
3409221;10;26/07/2017 17:35;Strada Urbana;VIA DI PASSO LOMBARDO;all'intersezione con;VIA DEL CASALE ANTONIONI;VIA DEL CASALE ANTONIONI;;;Scontro frontale/laterale SX fra veicoli in marcia;Incrocio;Una carreggiata a doppio senso;Asciutto;Asfaltata;Assente;Nuvoloso;Normale;Buona;Ore Diurne;0;0;0;2;12.63469;41.83267;-1;1;Autovettura privata;In marcia / fermata / arresto;Conducente;M;Illeso;0;;Non accertato;Inesploso
3409221;10;26/07/2017 17:35;Strada Urbana;VIA DI PASSO LOMBARDO;all'intersezione con;VIA DEL CASALE ANTONIONI;VIA DEL CASALE ANTONIONI;;;Scontro frontale/laterale SX fra veicoli in marcia;Incrocio;Una carreggiata a doppio senso;Asciutto;Asfaltata;Assente;Nuvoloso;Normale;Buona;Ore Diurne;0;0;0;2;12.63469;41.83267;-1;2;Autovettura privata;In marcia / fermata / arresto;Conducente;F;Illeso;0;;Non accertato;Inesploso
3409224;12;26/07/2017 13:30;Strada Urbana;VIALE EUROPA;in corrispondenza;;del civico n.;64;;Tamponamento;Rettilineo;Una carreggiata a doppio senso;Asciutto;Asfaltata;Orizzontale;Sereno;Normale;Buona;Ore Diurne;0;0;0;2;12.46411;41.83231;-1;1;Autovettura privata;In marcia / fermata / arresto;Conducente;F;Illeso;0;;Non accertato;Inesploso
3409224;12;26/07/2017 13:30;Strada Urbana;VIALE EUROPA;in corrispondenza;;del civico n.;64;;Tamponamento;Rettilineo;Una carreggiata a doppio senso;Asciutto;Asfaltata;Orizzontale;Sereno;Normale;Buona;Ore Diurne;0;0;0;2;12.46411;41.83231;-1;2;Autovettura privata;In marcia / fermata / arresto;Conducente;M;Illeso;0;;Non accertato;Inesploso
3409252;1;26/07/2017 11:30;Strada Urbana;VIA DEL CIRCO MASSIMO;da specificare;;;;IN PROSSIMITA' ALBERO 57;Tamponamento;Rettilineo;Una carreggiata a doppio senso;Asciutto;Asfaltata;Verticale ed orizzontale;Sereno;Normale;Buona;Ore Diurne;2;0;0;0;12.48515;41.88536;-1;1;Motociclo a solo;In marcia / fermata / arresto;Conducente;M;Rifiuta cure immediate;0;NON DECEDUTO;Non accertato;
3409252;1;26/07/2017 11:30;Strada Urbana;VIA DEL CIRCO MASSIMO;da specificare;;;;IN PROSSIMITA' ALBERO 57;Tamponamento;Rettilineo;Una carreggiata a doppio senso;Asciutto;Asfaltata;Verticale ed orizzontale;Sereno;Normale;Buona;Ore Diurne;2;0;0;0;12.48515;41.88536;-1;2;Autovettura privata;In marcia / fermata / arresto;Conducente;M;Rifiuta cure immediate;0;NON DECEDUTO;Non accertato;
3409282;5;26/07/2017 09:15;Strada Urbana;VIA MOZART;in corrispondenza;;del civico n.;31;;Veicolo in marcia contro ostacolo fisso;Rettilineo;Una carreggiata a senso unico di marcia;Asciutto;Asfaltata;Assente;Sereno;Scarso;Buona;Ore Diurne;1;0;0;0;12.5637;41.91223;-1;1;Motociclo a solo;In marcia / fermata / arresto;Conducente;M;Rimandato;0;NON DECEDUTO;Non accertato;
3409286;5;26/07/2017 16:00;Strada Urbana;VIA DEI MONTI TIBURTINI;in corrispondenza;;del civico n.;760;;Scontro laterale fra veicoli in marcia;Curva a visuale libera;Due carreggiate;Asciutto;Asfaltata;Orizzontale;Nuvoloso;Normale;Buona;Ore Diurne;0;0;0;3;12.55301;41.91303;-1;1;Autocarro inferiore 35 q.;In marcia / fermata / arresto;Conducente;M;Illeso;0;;Non accertato;Inesploso
3409286;5;26/07/2017 16:00;Strada Urbana;VIA DEI MONTI TIBURTINI;in corrispondenza;;del civico n.;760;;Scontro laterale fra veicoli in marcia;Curva a visuale libera;Due carreggiate;Asciutto;Asfaltata;Orizzontale;Nuvoloso;Normale;Buona;Ore Diurne;0;0;0;3;12.55301;41.91303;-1;1;Autocarro inferiore 35 q.;In marcia / fermata / arresto;Passeggero;M;Illeso;0;;Non accertato;Inesploso
3409286;5;26/07/2017 16:00;Strada Urbana;VIA DEI MONTI TIBURTINI;in corrispondenza;;del civico n.;760;;Scontro laterale fra veicoli in marcia;Curva a visuale libera;Due carreggiate;Asciutto;Asfaltata;Orizzontale;Nuvoloso;Normale;Buona;Ore Diurne;0;0;0;3;12.55301;41.91303;-1;2;Motociclo a solo;In marcia / fermata / arresto;Conducente;M;Illeso;0;;Non accertato;
3409310;15;26/07/2017 17:10;Strada Urbana;VIA PORTUENSE;in corrispondenza;;del civico n.;491;;Tamponamento;Rettilineo;Una carreggiata a doppio senso;Asciutto;Asfaltata;Orizzontale;Sereno;Normale;Buona;Ore Diurne;1;0;0;2;12.45188;41.86075;-1;1;Autovettura privata;In marcia / fermata / arresto;Conducente;F;Illeso;0;;Utilizzato;
3409310;15;26/07/2017 17:10;Strada Urbana;VIA PORTUENSE;in corrispondenza;;del civico n.;491;;Tamponamento;Rettilineo;Una carreggiata a doppio senso;Asciutto;Asfaltata;Orizzontale;Sereno;Normale;Buona;Ore Diurne;1;0;0;2;12.45188;41.86075;-1;1;Autovettura privata;In marcia / fermata / arresto;Passeggero;F;Illeso;0;;Utilizzato;
3409310;15;26/07/2017 17:10;Strada Urbana;VIA PORTUENSE;in corrispondenza;;del civico n.;491;;Tamponamento;Rettilineo;Una carreggiata a doppio senso;Asciutto;Asfaltata;Orizzontale;Sereno;Normale;Buona;Ore Diurne;1;0;0;2;12.45188;41.86075;-1;2;Autovettura privata;In marcia / fermata / arresto;Conducente;M;Rimandato;0;NON DECEDUTO;Utilizzato;
3409312;15;26/07/2017 14:10;Strada Urbana;VIA SILVESTRO GHERARDI;all'intersezione con;VIA AVICENNA;VIA AVICENNA;;;Scontro frontale/laterale SX fra veicoli in marcia;Intersezione stradale segnalata;Una carreggiata a senso unico di marcia;Asciutto;Asfaltata;Verticale ed orizzontale;Sereno;Scarso;Buona;Ore Diurne;0;0;0;2;12.47192;41.86265;-1;1;Autovettura privata;In marcia / fermata / arresto;Conducente;F;Illeso;0;;Utilizzato;
3409312;15;26/07/2017 14:10;Strada Urbana;VIA SILVESTRO GHERARDI;all'intersezione con;VIA AVICENNA;VIA AVICENNA;;;Scontro frontale/laterale SX fra veicoli in marcia;Intersezione stradale segnalata;Una carreggiata a senso unico di marcia;Asciutto;Asfaltata;Verticale ed orizzontale;Sereno;Scarso;Buona;Ore Diurne;0;0;0;2;12.47192;41.86265;-1;2;Motociclo a solo;In marcia / fermata / arresto;Conducente;F;Illeso;0;;Utilizzato;
3409562;9;26/07/2017 12:00;Strada Urbana;VIALE CASTRENSE;da specificare;;;;fronte civico 16;Tamponamento;Rettilineo;Più di due carreggiate;Asciutto;Asfaltata;Orizzontale;Sereno;Normale;Buona;Ore Diurne;0;0;0;4;12.51926;41.88911;-1;1;Autovettura privata;In marcia / fermata / arresto;Conducente;M;Illeso;0;;Non accertato;Inesploso
3409562;9;26/07/2017 12:00;Strada Urbana;VIALE CASTRENSE;da specificare;;;;fronte civico 16;Tamponamento;Rettilineo;Più di due carreggiate;Asciutto;Asfaltata;Orizzontale;Sereno;Normale;Buona;Ore Diurne;0;0;0;4;12.51926;41.88911;-1;1;Autovettura privata;In marcia / fermata / arresto;Passeggero;F;Illeso;0;;Utilizzato;Inesploso
3409562;9;26/07/2017 12:00;Strada Urbana;VIALE CASTRENSE;da specificare;;;;fronte civico 16;Tamponamento;Rettilineo;Più di due carreggiate;Asciutto;Asfaltata;Orizzontale;Sereno;Normale;Buona;Ore Diurne;0;0;0;4;12.51926;41.88911;-1;2;Autovettura privata;In marcia / fermata / arresto;Conducente;M;Illeso;0;;Non accertato;Inesploso
3409562;9;26/07/2017 12:00;Strada Urbana;VIALE CASTRENSE;da specificare;;;;fronte civico 16;Tamponamento;Rettilineo;Più di due carreggiate;Asciutto;Asfaltata;Orizzontale;Sereno;Normale;Buona;Ore Diurne;0;0;0;4;12.51926;41.88911;-1;2;Autovettura privata;In marcia / fermata / arresto;Passeggero;F;Illeso;0;;Non accertato;Inesploso
3409563;9;26/07/2017 16:00;Strada Urbana;VIA ALBANO;all'intersezione con;VIA GENZANO;VIA GENZANO;;;Scontro frontale/laterale DX fra veicoli in marcia;Incrocio;Una carreggiata a senso unico di marcia;Asciutto;Asfaltata;Verticale ed orizzontale;Nuvoloso;Normale;Buona;Ore Diurne;1;0;0;1;12.53292;41.87055;-1;1;Autovettura privata;In marcia / fermata / arresto;Conducente;F;Rimandato;0;NON DECEDUTO;Non accertato;Inesploso
3409563;9;26/07/2017 16:00;Strada Urbana;VIA ALBANO;all'intersezione con;VIA GENZANO;VIA GENZANO;;;Scontro frontale/laterale DX fra veicoli in marcia;Incrocio;Una carreggiata a senso unico di marcia;Asciutto;Asfaltata;Verticale ed orizzontale;Nuvoloso;Normale;Buona;Ore Diurne;1;0;0;1;12.53292;41.87055;-1;2;Autovettura privata;In marcia / fermata / arresto;Conducente;M;Illeso;0;;Non accertato;Inesploso
3409564;1;24/07/2017 11:00;Strada Urbana;VIA DELL'OCA;in prossimità;;del civico n.;26;;Tamponamento;Rettilineo;Una carreggiata a senso unico di marcia;Asciutto;In cubetti di porfido;Verticale ed orizzontale;Nuvoloso;Normale;Buona;Ore Diurne;0;0;0;2;12.47553;41.90973;-1;1;Autocarro inferiore 35 q.;In marcia / fermata / arresto;Conducente;M;Illeso;0;;Non accertato;
3409564;1;24/07/2017 11:00;Strada Urbana;VIA DELL'OCA;in prossimità;;del civico n.;26;;Tamponamento;Rettilineo;Una carreggiata a senso unico di marcia;Asciutto;In cubetti di porfido;Verticale ed orizzontale;Nuvoloso;Normale;Buona;Ore Diurne;0;0;0;2;12.47553;41.90973;-1;2;Autovettura pubblica;In marcia / fermata / arresto;Conducente;M;Illeso;0;;Non accertato;
3409570;11;26/07/2017 18:10;Strada Urbana;VIA DI TOR CARBONE;in prossimità;;del palo luce n.;16;;Scontro frontale/laterale SX fra veicoli in marcia;Rettilineo;Una carreggiata a doppio senso;Asciutto;Asfaltata;Verticale ed orizzontale;Sereno;Normale;Buona;Ore Diurne;1;0;0;1;12.53255;41.83063;-1;1;Motociclo a solo;In marcia / fermata / arresto;Conducente;M;Rimandato;0;NON DECEDUTO;;
3409570;11;26/07/2017 18:10;Strada Urbana;VIA DI TOR CARBONE;in prossimità;;del palo luce n.;16;;Scontro frontale/laterale SX fra veicoli in marcia;Rettilineo;Una carreggiata a doppio senso;Asciutto;Asfaltata;Verticale ed orizzontale;Sereno;Normale;Buona;Ore Diurne;1;0;0;1;12.53255;41.83063;-1;2;Autovettura privata;In marcia / fermata / arresto;Conducente;M;Illeso;0;;;
3409573;1;26/07/2017 15:35;Strada Urbana;VIA VENTI SETTEMBRE;in prossimità;;del civico n.;59;;Veicolo in marcia contro veicoli in arresto;Rettilineo;Una carreggiata a senso unico di marcia;Asciutto;Asfaltata;Verticale ed orizzontale;Nuvoloso;Normale;Buona;Ore Diurne;0;0;0;4;12.49893;41.90779;-1;1;Autovettura di polizia;In marcia / fermata / arresto;Conducente;M;Illeso;0;;Non accertato;
3409573;1;26/07/2017 15:35;Strada Urbana;VIA VENTI SETTEMBRE;in prossimità;;del civico n.;59;;Veicolo in marcia contro veicoli in arresto;Rettilineo;Una carreggiata a senso unico di marcia;Asciutto;Asfaltata;Verticale ed orizzontale;Nuvoloso;Normale;Buona;Ore Diurne;0;0;0;4;12.49893;41.90779;-1;1;Autovettura di polizia;In marcia / fermata / arresto;Passeggero;M;Illeso;0;;Non accertato;